station,hour,in_count,out_count
T2航站楼,0,0,0
T2航站楼,1,0,0
T2航站楼,2,0,0
T2航站楼,3,0,0
T2航站楼,4,0,0
T2航站楼,5,0,0
T2航站楼,6,10,4
T2航站楼,7,15,7
T2航站楼,8,12,6
T2航站楼,9,22,9
T2航站楼,10,20,20
T2航站楼,11,17,9
T2航站楼,12,21,13
T2航站楼,13,12,7
T2航站楼,14,15,14
T2航站楼,15,7,15
T2航站楼,16,24,7
T2航站楼,17,16,28
T2航站楼,18,9,14
T2航站楼,19,19,15
T2航站楼,20,15,10
T2航站楼,21,12,8
T2航站楼,22,7,4
T2航站楼,23,0,0
T3航站楼,0,0,0
T3航站楼,1,0,0
T3航站楼,2,0,0
T3航站楼,3,0,0
T3航站楼,4,0,0
T3航站楼,5,0,0
T3航站楼,6,21,5
T3航站楼,7,26,6
T3航站楼,8,22,6
T3航站楼,9,24,9
T3航站楼,10,30,11
T3航站楼,11,27,14
T3航站楼,12,25,17
T3航站楼,13,18,21
T3航站楼,14,13,20
T3航站楼,15,14,17
T3航站楼,16,15,19
T3航站楼,17,25,21
T3航站楼,18,28,21
T3航站楼,19,23,25
T3航站楼,20,10,17
T3航站楼,21,15,13
T3航站楼,22,9,4
T3航站楼,23,0,0
七里庄,0,0,0
七里庄,1,0,0
七里庄,2,0,0
七里庄,3,0,0
七里庄,4,0,0
七里庄,5,1,11
七里庄,6,21,89
七里庄,7,103,225
七里庄,8,188,183
七里庄,9,69,75
七里庄,10,44,44
七里庄,11,47,45
七里庄,12,39,50
七里庄,13,38,53
七里庄,14,44,44
七里庄,15,47,58
七里庄,16,58,72
七里庄,17,125,126
七里庄,18,184,99
七里庄,19,146,72
七里庄,20,74,29
七里庄,21,35,41
七里庄,22,34,10
七里庄,23,11,0
万安,0,0,0
万安,1,0,0
万安,2,0,0
万安,3,0,0
万安,4,0,0
万安,5,0,0
万安,6,0,2
万安,7,1,5
万安,8,3,3
万安,9,1,0
万安,10,0,2
万安,11,0,1
万安,12,1,3
万安,13,1,0
万安,14,0,0
万安,15,1,1
万安,16,0,0
万安,17,1,5
万安,18,4,1
万安,19,1,0
万安,20,1,0
万安,21,1,0
万安,22,3,0
万安,23,0,0
万寿路,0,0,0
万寿路,1,0,0
万寿路,2,0,0
万寿路,3,0,0
万寿路,4,0,0
万寿路,5,3,13
万寿路,6,28,84
万寿路,7,151,237
万寿路,8,189,192
万寿路,9,80,72
万寿路,10,52,44
万寿路,11,46,32
万寿路,12,40,37
万寿路,13,65,55
万寿路,14,51,47
万寿路,15,52,54
万寿路,16,71,77
万寿路,17,150,177
万寿路,18,199,121
万寿路,19,95,65
万寿路,20,60,61
万寿路,21,44,52
万寿路,22,35,28
万寿路,23,7,2
万源街,0,0,0
万源街,1,0,0
万源街,2,0,0
万源街,3,0,0
万源街,4,0,0
万源街,5,1,2
万源街,6,3,15
万源街,7,66,33
万源街,8,166,34
万源街,9,55,20
万源街,10,30,15
万源街,11,22,18
万源街,12,24,24
万源街,13,24,26
万源街,14,17,23
万源街,15,19,29
万源街,16,15,44
万源街,17,32,82
万源街,18,49,75
万源街,19,34,39
万源街,20,23,28
万源街,21,8,14
万源街,22,9,11
万源街,23,3,2
三元桥,0,0,0
三元桥,1,0,0
三元桥,2,0,0
三元桥,3,0,0
三元桥,4,0,0
三元桥,5,12,26
三元桥,6,79,135
三元桥,7,319,204
三元桥,8,867,253
三元桥,9,520,165
三元桥,10,186,114
三元桥,11,145,102
三元桥,12,136,124
三元桥,13,141,116
三元桥,14,116,119
三元桥,15,127,134
三元桥,16,117,183
三元桥,17,186,490
三元桥,18,328,575
三元桥,19,183,320
三元桥,20,106,202
三元桥,21,80,123
三元桥,22,47,58
三元桥,23,6,3
上地,0,0,0
上地,1,0,0
上地,2,0,0
上地,3,0,0
上地,4,0,0
上地,5,0,13
上地,6,26,145
上地,7,155,277
上地,8,474,256
上地,9,329,135
上地,10,97,80
上地,11,70,63
上地,12,70,75
上地,13,73,69
上地,14,75,68
上地,15,83,74
上地,16,100,72
上地,17,170,207
上地,18,210,306
上地,19,191,191
上地,20,121,128
上地,21,93,110
上地,22,76,42
上地,23,16,3
上岸,0,0,0
上岸,1,0,0
上岸,2,0,0
上岸,3,0,0
上岸,4,0,0
上岸,5,0,3
上岸,6,6,48
上岸,7,24,94
上岸,8,14,50
上岸,9,7,21
上岸,10,11,11
上岸,11,11,15
上岸,12,4,10
上岸,13,8,8
上岸,14,5,8
上岸,15,12,10
上岸,16,12,9
上岸,17,23,19
上岸,18,56,17
上岸,19,44,8
上岸,20,28,3
上岸,21,24,2
上岸,22,14,1
上岸,23,3,0
东单,0,0,0
东单,1,0,0
东单,2,0,0
东单,3,0,0
东单,4,0,0
东单,5,8,8
东单,6,119,14
东单,7,452,49
东单,8,812,94
东单,9,419,96
东单,10,176,139
东单,11,115,112
东单,12,124,110
东单,13,129,98
东单,14,99,127
东单,15,68,157
东单,16,53,176
东单,17,88,490
东单,18,83,424
东单,19,37,203
东单,20,26,142
东单,21,17,99
东单,22,11,62
东单,23,4,3
东四,0,0,0
东四,1,0,0
东四,2,0,0
东四,3,0,0
东四,4,0,0
东四,5,0,9
东四,6,63,40
东四,7,247,117
东四,8,350,91
东四,9,126,61
东四,10,84,63
东四,11,62,60
东四,12,49,54
东四,13,80,69
东四,14,58,75
东四,15,73,103
东四,16,70,134
东四,17,88,308
东四,18,118,194
东四,19,60,92
东四,20,40,62
东四,21,27,55
东四,22,20,33
东四,23,10,3
东四十条,0,0,0
东四十条,1,0,0
东四十条,2,0,0
东四十条,3,0,0
东四十条,4,0,0
东四十条,5,3,6
东四十条,6,72,34
东四十条,7,300,119
东四十条,8,755,104
东四十条,9,451,78
东四十条,10,149,83
东四十条,11,85,83
东四十条,12,70,91
东四十条,13,113,92
东四十条,14,89,85
东四十条,15,63,128
东四十条,16,51,205
东四十条,17,104,467
东四十条,18,119,490
东四十条,19,70,223
东四十条,20,42,119
东四十条,21,27,91
东四十条,22,22,31
东四十条,23,3,3
东夏园,0,0,0
东夏园,1,0,0
东夏园,2,0,0
东夏园,3,0,0
东夏园,4,0,0
东夏园,5,0,15
东夏园,6,14,43
东夏园,7,33,98
东夏园,8,78,74
东夏园,9,38,29
东夏园,10,19,15
东夏园,11,7,16
东夏园,12,10,18
东夏园,13,21,20
东夏园,14,14,16
东夏园,15,12,6
东夏园,16,26,31
东夏园,17,37,72
东夏园,18,70,35
东夏园,19,83,19
东夏园,20,25,4
东夏园,21,19,4
东夏园,22,21,1
东夏园,23,6,0
东大桥,0,0,0
东大桥,1,0,0
东大桥,2,0,0
东大桥,3,0,0
东大桥,4,0,0
东大桥,5,2,12
东大桥,6,103,29
东大桥,7,386,87
东大桥,8,768,107
东大桥,9,617,103
东大桥,10,219,100
东大桥,11,146,112
东大桥,12,131,104
东大桥,13,152,113
东大桥,14,102,123
东大桥,15,110,147
东大桥,16,94,214
东大桥,17,166,413
东大桥,18,138,604
东大桥,19,82,325
东大桥,20,27,238
东大桥,21,35,166
东大桥,22,23,85
东大桥,23,6,11
东湖渠,0,0,0
东湖渠,1,0,0
东湖渠,2,0,0
东湖渠,3,0,0
东湖渠,4,0,0
东湖渠,5,0,5
东湖渠,6,23,32
东湖渠,7,102,87
东湖渠,8,240,78
东湖渠,9,186,44
东湖渠,10,88,33
东湖渠,11,45,27
东湖渠,12,47,42
东湖渠,13,36,40
东湖渠,14,29,34
东湖渠,15,34,36
东湖渠,16,34,68
东湖渠,17,83,148
东湖渠,18,104,207
东湖渠,19,53,83
东湖渠,20,27,89
东湖渠,21,33,80
东湖渠,22,23,15
东湖渠,23,5,0
东直门,0,0,0
东直门,1,0,0
东直门,2,0,0
东直门,3,0,0
东直门,4,0,0
东直门,5,26,25
东直门,6,186,226
东直门,7,565,444
东直门,8,837,451
东直门,9,587,283
东直门,10,351,235
东直门,11,283,230
东直门,12,263,236
东直门,13,234,246
东直门,14,263,234
东直门,15,301,236
东直门,16,330,326
东直门,17,518,686
东直门,18,609,669
东直门,19,341,385
东直门,20,158,234
东直门,21,88,205
东直门,22,60,84
东直门,23,22,4
东风北桥,0,0,0
东风北桥,1,0,0
东风北桥,2,0,0
东风北桥,3,0,0
东风北桥,4,0,0
东风北桥,5,0,9
东风北桥,6,13,42
东风北桥,7,63,72
东风北桥,8,121,86
东风北桥,9,121,50
东风北桥,10,47,33
东风北桥,11,15,23
东风北桥,12,16,23
东风北桥,13,24,27
东风北桥,14,22,17
东风北桥,15,25,26
东风北桥,16,30,39
东风北桥,17,56,93
东风北桥,18,77,92
东风北桥,19,70,53
东风北桥,20,34,45
东风北桥,21,33,26
东风北桥,22,16,4
东风北桥,23,5,0
东高地,0,0,0
东高地,1,0,0
东高地,2,0,0
东高地,3,0,0
东高地,4,0,0
东高地,5,0,3
东高地,6,0,18
东高地,7,11,33
东高地,8,25,26
东高地,9,0,7
东高地,10,4,8
东高地,11,5,4
东高地,12,6,6
东高地,13,7,3
东高地,14,7,9
东高地,15,7,7
东高地,16,7,9
东高地,17,12,16
东高地,18,26,12
东高地,19,16,2
东高地,20,11,3
东高地,21,10,2
东高地,22,4,0
东高地,23,3,0
中关村,0,0,0
中关村,1,0,0
中关村,2,0,0
中关村,3,0,0
中关村,4,0,0
中关村,5,0,11
中关村,6,26,16
中关村,7,157,90
中关村,8,666,79
中关村,9,658,49
中关村,10,204,52
中关村,11,90,49
中关村,12,82,78
中关村,13,99,72
中关村,14,72,73
中关村,15,71,94
中关村,16,85,134
中关村,17,95,336
中关村,18,83,488
中关村,19,52,307
中关村,20,20,205
中关村,21,16,108
中关村,22,17,48
中关村,23,7,2
中国美术馆,0,0,0
中国美术馆,1,0,0
中国美术馆,2,0,0
中国美术馆,3,0,0
中国美术馆,4,0,0
中国美术馆,5,4,5
中国美术馆,6,9,10
中国美术馆,7,66,25
中国美术馆,8,96,18
中国美术馆,9,47,16
中国美术馆,10,23,22
中国美术馆,11,26,20
中国美术馆,12,19,14
中国美术馆,13,29,19
中国美术馆,14,23,37
中国美术馆,15,11,47
中国美术馆,16,16,56
中国美术馆,17,24,82
中国美术馆,18,31,64
中国美术馆,19,18,25
中国美术馆,20,14,21
中国美术馆,21,14,21
中国美术馆,22,9,18
中国美术馆,23,0,0
丰台东大街,0,0,0
丰台东大街,1,0,0
丰台东大街,2,0,0
丰台东大街,3,0,0
丰台东大街,4,0,0
丰台东大街,5,0,7
丰台东大街,6,20,51
丰台东大街,7,52,129
丰台东大街,8,55,115
丰台东大街,9,27,37
丰台东大街,10,21,28
丰台东大街,11,17,26
丰台东大街,12,18,23
丰台东大街,13,16,20
丰台东大街,14,27,23
丰台东大街,15,24,34
丰台东大街,16,47,37
丰台东大街,17,76,45
丰台东大街,18,91,45
丰台东大街,19,67,21
丰台东大街,20,40,12
丰台东大街,21,40,12
丰台东大街,22,25,6
丰台东大街,23,6,0
丰台南路,0,0,0
丰台南路,1,0,0
丰台南路,2,0,0
丰台南路,3,0,0
丰台南路,4,0,0
丰台南路,5,1,20
丰台南路,6,20,96
丰台南路,7,93,195
丰台南路,8,80,197
丰台南路,9,34,67
丰台南路,10,32,37
丰台南路,11,31,43
丰台南路,12,23,29
丰台南路,13,34,40
丰台南路,14,27,29
丰台南路,15,34,30
丰台南路,16,53,42
丰台南路,17,89,75
丰台南路,18,171,57
丰台南路,19,112,23
丰台南路,20,59,13
丰台南路,21,55,6
丰台南路,22,36,4
丰台南路,23,9,0
丰台科技园,0,0,0
丰台科技园,1,0,0
丰台科技园,2,0,0
丰台科技园,3,0,0
丰台科技园,4,0,0
丰台科技园,5,1,3
丰台科技园,6,26,21
丰台科技园,7,302,71
丰台科技园,8,997,55
丰台科技园,9,331,44
丰台科技园,10,86,51
丰台科技园,11,91,61
丰台科技园,12,67,81
丰台科技园,13,90,80
丰台科技园,14,70,68
丰台科技园,15,80,76
丰台科技园,16,68,142
丰台科技园,17,86,464
丰台科技园,18,96,568
丰台科技园,19,55,256
丰台科技园,20,37,160
丰台科技园,21,32,109
丰台科技园,22,13,35
丰台科技园,23,2,1
丰台站,0,0,0
丰台站,1,0,0
丰台站,2,0,0
丰台站,3,0,0
丰台站,4,0,0
丰台站,5,1,9
丰台站,6,4,70
丰台站,7,13,222
丰台站,8,18,181
丰台站,9,20,57
丰台站,10,25,29
丰台站,11,19,17
丰台站,12,25,18
丰台站,13,19,15
丰台站,14,20,18
丰台站,15,21,14
丰台站,16,38,18
丰台站,17,82,28
丰台站,18,142,18
丰台站,19,111,12
丰台站,20,73,9
丰台站,21,48,8
丰台站,22,32,8
丰台站,23,6,2
临河里,0,0,0
临河里,1,0,0
临河里,2,0,0
临河里,3,0,0
临河里,4,1,1
临河里,5,0,31
临河里,6,7,97
临河里,7,18,146
临河里,8,22,148
临河里,9,14,65
临河里,10,19,29
临河里,11,15,17
临河里,12,24,20
临河里,13,14,15
临河里,14,20,11
临河里,15,33,10
临河里,16,52,12
临河里,17,94,16
临河里,18,216,15
临河里,19,221,6
临河里,20,112,9
临河里,21,66,0
临河里,22,43,0
临河里,23,11,0
义和庄,0,0,0
义和庄,1,0,0
义和庄,2,0,0
义和庄,3,0,0
义和庄,4,0,0
义和庄,5,2,18
义和庄,6,5,72
义和庄,7,12,144
义和庄,8,31,88
义和庄,9,12,31
义和庄,10,20,21
义和庄,11,13,20
义和庄,12,15,19
义和庄,13,6,11
义和庄,14,25,13
义和庄,15,18,13
义和庄,16,25,9
义和庄,17,45,18
义和庄,18,84,20
义和庄,19,77,15
义和庄,20,57,7
义和庄,21,26,7
义和庄,22,25,3
义和庄,23,4,0
九棵树,0,0,0
九棵树,1,0,0
九棵树,2,0,0
九棵树,3,0,0
九棵树,4,0,0
九棵树,5,0,12
九棵树,6,7,94
九棵树,7,17,189
九棵树,8,47,181
九棵树,9,36,67
九棵树,10,26,43
九棵树,11,31,43
九棵树,12,19,51
九棵树,13,48,35
九棵树,14,27,25
九棵树,15,44,24
九棵树,16,42,23
九棵树,17,94,37
九棵树,18,197,44
九棵树,19,158,33
九棵树,20,99,26
九棵树,21,45,17
九棵树,22,42,8
九棵树,23,12,0
九龙山,0,0,0
九龙山,1,0,0
九龙山,2,0,0
九龙山,3,0,0
九龙山,4,0,0
九龙山,5,2,10
九龙山,6,29,53
九龙山,7,97,145
九龙山,8,332,148
九龙山,9,181,113
九龙山,10,95,74
九龙山,11,105,50
九龙山,12,98,64
九龙山,13,88,111
九龙山,14,86,77
九龙山,15,93,87
九龙山,16,87,117
九龙山,17,148,195
九龙山,18,266,222
九龙山,19,157,158
九龙山,20,88,148
九龙山,21,55,139
九龙山,22,39,68
九龙山,23,12,1
五棵松,0,0,1
五棵松,1,0,0
五棵松,2,0,0
五棵松,3,0,0
五棵松,4,0,1
五棵松,5,8,23
五棵松,6,66,121
五棵松,7,331,335
五棵松,8,406,318
五棵松,9,216,161
五棵松,10,151,128
五棵松,11,106,162
五棵松,12,95,131
五棵松,13,130,84
五棵松,14,160,141
五棵松,15,135,140
五棵松,16,118,202
五棵松,17,248,314
五棵松,18,340,268
五棵松,19,184,118
五棵松,20,104,113
五棵松,21,94,79
五棵松,22,52,34
五棵松,23,20,1
五福堂,0,0,0
五福堂,1,0,0
五福堂,2,0,0
五福堂,3,0,0
五福堂,4,0,0
五福堂,5,0,5
五福堂,6,3,16
五福堂,7,9,54
五福堂,8,5,38
五福堂,9,13,13
五福堂,10,6,5
五福堂,11,8,5
五福堂,12,5,10
五福堂,13,8,3
五福堂,14,4,17
五福堂,15,8,10
五福堂,16,13,8
五福堂,17,23,10
五福堂,18,32,9
五福堂,19,29,8
五福堂,20,15,7
五福堂,21,7,5
五福堂,22,5,0
五福堂,23,2,0
五道口,0,0,0
五道口,1,0,0
五道口,2,0,0
五道口,3,0,0
五道口,4,0,0
五道口,5,1,13
五道口,6,62,45
五道口,7,353,162
五道口,8,715,180
五道口,9,538,97
五道口,10,189,53
五道口,11,107,52
五道口,12,90,95
五道口,13,88,77
五道口,14,90,92
五道口,15,69,102
五道口,16,87,149
五道口,17,169,418
五道口,18,213,494
五道口,19,149,330
五道口,20,84,283
五道口,21,62,229
五道口,22,57,101
五道口,23,10,8
亦庄文化园,0,0,0
亦庄文化园,1,0,0
亦庄文化园,2,0,0
亦庄文化园,3,0,0
亦庄文化园,4,0,0
亦庄文化园,5,0,3
亦庄文化园,6,4,20
亦庄文化园,7,25,60
亦庄文化园,8,56,62
亦庄文化园,9,27,28
亦庄文化园,10,22,18
亦庄文化园,11,12,8
亦庄文化园,12,17,18
亦庄文化园,13,17,16
亦庄文化园,14,18,13
亦庄文化园,15,23,13
亦庄文化园,16,15,13
亦庄文化园,17,32,47
亦庄文化园,18,50,21
亦庄文化园,19,44,24
亦庄文化园,20,28,15
亦庄文化园,21,20,12
亦庄文化园,22,13,9
亦庄文化园,23,9,0
亦庄桥,0,0,0
亦庄桥,1,0,0
亦庄桥,2,0,0
亦庄桥,3,0,0
亦庄桥,4,0,0
亦庄桥,5,0,6
亦庄桥,6,7,85
亦庄桥,7,27,196
亦庄桥,8,24,148
亦庄桥,9,20,60
亦庄桥,10,17,27
亦庄桥,11,18,17
亦庄桥,12,29,23
亦庄桥,13,30,22
亦庄桥,14,21,20
亦庄桥,15,24,23
亦庄桥,16,33,14
亦庄桥,17,68,38
亦庄桥,18,104,38
亦庄桥,19,96,17
亦庄桥,20,42,13
亦庄桥,21,31,5
亦庄桥,22,24,3
亦庄桥,23,8,1
亦庄火车站,0,0,0
亦庄火车站,1,0,0
亦庄火车站,2,0,0
亦庄火车站,3,0,0
亦庄火车站,4,0,0
亦庄火车站,5,1,5
亦庄火车站,6,0,6
亦庄火车站,7,1,13
亦庄火车站,8,3,11
亦庄火车站,9,4,6
亦庄火车站,10,1,2
亦庄火车站,11,1,4
亦庄火车站,12,3,2
亦庄火车站,13,1,4
亦庄火车站,14,2,1
亦庄火车站,15,1,2
亦庄火车站,16,3,3
亦庄火车站,17,4,8
亦庄火车站,18,12,2
亦庄火车站,19,4,1
亦庄火车站,20,9,0
亦庄火车站,21,5,1
亦庄火车站,22,3,0
亦庄火车站,23,2,0
亮马桥,0,0,0
亮马桥,1,0,0
亮马桥,2,0,0
亮马桥,3,0,0
亮马桥,4,0,0
亮马桥,5,1,7
亮马桥,6,62,29
亮马桥,7,360,117
亮马桥,8,921,137
亮马桥,9,615,75
亮马桥,10,202,84
亮马桥,11,89,79
亮马桥,12,85,99
亮马桥,13,89,82
亮马桥,14,72,82
亮马桥,15,66,131
亮马桥,16,69,161
亮马桥,17,110,514
亮马桥,18,152,632
亮马桥,19,100,355
亮马桥,20,45,203
亮马桥,21,32,116
亮马桥,22,22,62
亮马桥,23,9,4
人民大学,0,1,1
人民大学,1,0,1
人民大学,2,0,0
人民大学,3,0,0
人民大学,4,0,0
人民大学,5,0,12
人民大学,6,41,55
人民大学,7,198,192
人民大学,8,495,138
人民大学,9,298,81
人民大学,10,98,51
人民大学,11,82,50
人民大学,12,78,83
人民大学,13,90,94
人民大学,14,94,73
人民大学,15,75,109
人民大学,16,69,155
人民大学,17,145,323
人民大学,18,175,315
人民大学,19,97,153
人民大学,20,53,116
人民大学,21,60,101
人民大学,22,35,64
人民大学,23,10,0
什刹海,0,0,0
什刹海,1,0,0
什刹海,2,0,0
什刹海,3,0,0
什刹海,4,0,0
什刹海,5,1,3
什刹海,6,14,8
什刹海,7,33,32
什刹海,8,24,38
什刹海,9,36,13
什刹海,10,28,9
什刹海,11,23,11
什刹海,12,30,26
什刹海,13,17,34
什刹海,14,19,30
什刹海,15,26,38
什刹海,16,21,52
什刹海,17,40,40
什刹海,18,61,50
什刹海,19,31,32
什刹海,20,27,41
什刹海,21,11,39
什刹海,22,9,37
什刹海,23,0,0
传媒大学,0,0,0
传媒大学,1,0,0
传媒大学,2,0,0
传媒大学,3,0,0
传媒大学,4,0,0
传媒大学,5,2,26
传媒大学,6,11,87
传媒大学,7,53,197
传媒大学,8,129,168
传媒大学,9,61,96
传媒大学,10,31,62
传媒大学,11,33,42
传媒大学,12,37,42
传媒大学,13,29,51
传媒大学,14,34,34
传媒大学,15,40,42
传媒大学,16,63,54
传媒大学,17,92,78
传媒大学,18,192,76
传媒大学,19,140,50
传媒大学,20,93,42
传媒大学,21,72,27
传媒大学,22,56,5
传媒大学,23,17,0
俸伯,0,0,0
俸伯,1,0,0
俸伯,2,0,0
俸伯,3,0,0
俸伯,4,0,0
俸伯,5,1,59
俸伯,6,15,305
俸伯,7,32,468
俸伯,8,49,275
俸伯,9,46,87
俸伯,10,30,54
俸伯,11,33,57
俸伯,12,39,47
俸伯,13,50,50
俸伯,14,37,39
俸伯,15,55,43
俸伯,16,59,40
俸伯,17,154,38
俸伯,18,270,36
俸伯,19,217,22
俸伯,20,128,20
俸伯,21,63,9
俸伯,22,46,1
俸伯,23,18,2
健德门,0,0,0
健德门,1,0,0
健德门,2,0,0
健德门,3,0,0
健德门,4,0,0
健德门,5,0,6
健德门,6,37,67
健德门,7,201,208
健德门,8,485,201
健德门,9,247,102
健德门,10,95,68
健德门,11,49,56
健德门,12,51,67
健德门,13,61,61
健德门,14,49,56
健德门,15,65,97
健德门,16,49,108
健德门,17,110,311
健德门,18,151,338
健德门,19,105,146
健德门,20,48,84
健德门,21,41,65
健德门,22,24,27
健德门,23,3,2
光熙门,0,0,0
光熙门,1,0,0
光熙门,2,0,0
光熙门,3,0,0
光熙门,4,0,0
光熙门,5,0,5
光熙门,6,25,55
光熙门,7,75,134
光熙门,8,169,147
光熙门,9,77,77
光熙门,10,30,48
光熙门,11,14,42
光熙门,12,19,38
光熙门,13,15,39
光熙门,14,16,40
光熙门,15,20,65
光熙门,16,22,54
光熙门,17,54,128
光熙门,18,74,112
光熙门,19,43,52
光熙门,20,28,29
光熙门,21,22,29
光熙门,22,15,11
光熙门,23,6,0
八宝山,0,0,0
八宝山,1,0,0
八宝山,2,0,0
八宝山,3,0,0
八宝山,4,0,1
八宝山,5,3,25
八宝山,6,31,190
八宝山,7,127,568
八宝山,8,205,432
八宝山,9,94,158
八宝山,10,56,85
八宝山,11,48,61
八宝山,12,61,66
八宝山,13,57,42
八宝山,14,67,61
八宝山,15,69,63
八宝山,16,88,77
八宝山,17,234,161
八宝山,18,402,145
八宝山,19,243,49
八宝山,20,145,50
八宝山,21,86,30
八宝山,22,60,13
八宝山,23,26,0
八角游乐园,0,0,2
八角游乐园,1,0,0
八角游乐园,2,0,0
八角游乐园,3,0,0
八角游乐园,4,0,0
八角游乐园,5,2,26
八角游乐园,6,24,176
八角游乐园,7,91,348
八角游乐园,8,155,318
八角游乐园,9,71,100
八角游乐园,10,63,61
八角游乐园,11,62,54
八角游乐园,12,49,66
八角游乐园,13,35,49
八角游乐园,14,61,50
八角游乐园,15,58,51
八角游乐园,16,92,83
八角游乐园,17,166,98
八角游乐园,18,277,81
八角游乐园,19,173,43
八角游乐园,20,107,29
八角游乐园,21,71,19
八角游乐园,22,43,6
八角游乐园,23,20,0
八里桥,0,0,0
八里桥,1,0,0
八里桥,2,0,0
八里桥,3,0,0
八里桥,4,0,0
八里桥,5,0,5
八里桥,6,2,59
八里桥,7,8,95
八里桥,8,6,97
八里桥,9,6,42
八里桥,10,4,17
八里桥,11,8,10
八里桥,12,14,17
八里桥,13,14,7
八里桥,14,11,7
八里桥,15,13,11
八里桥,16,13,9
八里桥,17,31,10
八里桥,18,68,10
八里桥,19,68,10
八里桥,20,38,2
八里桥,21,27,3
八里桥,22,16,0
八里桥,23,8,1
公主坟,0,0,0
公主坟,1,0,0
公主坟,2,0,0
公主坟,3,0,0
公主坟,4,0,1
公主坟,5,3,10
公主坟,6,45,29
公主坟,7,181,103
公主坟,8,295,99
公主坟,9,119,45
公主坟,10,46,35
公主坟,11,50,39
公主坟,12,48,48
公主坟,13,45,31
公主坟,14,53,44
公主坟,15,62,58
公主坟,16,60,85
公主坟,17,109,176
公主坟,18,143,178
公主坟,19,63,66
公主坟,20,37,64
公主坟,21,30,73
公主坟,22,19,16
公主坟,23,5,1
公益西桥,0,0,0
公益西桥,1,0,0
公益西桥,2,0,0
公益西桥,3,0,0
公益西桥,4,0,2
公益西桥,5,3,23
公益西桥,6,16,174
公益西桥,7,73,303
公益西桥,8,182,144
公益西桥,9,92,112
公益西桥,10,45,63
公益西桥,11,64,39
公益西桥,12,64,49
公益西桥,13,47,60
公益西桥,14,50,57
公益西桥,15,68,66
公益西桥,16,94,71
公益西桥,17,158,118
公益西桥,18,204,124
公益西桥,19,157,63
公益西桥,20,95,48
公益西桥,21,72,34
公益西桥,22,53,20
公益西桥,23,22,0
六道口,0,0,0
六道口,1,0,0
六道口,2,0,0
六道口,3,0,0
六道口,4,0,0
六道口,5,1,2
六道口,6,22,35
六道口,7,99,106
六道口,8,312,134
六道口,9,150,66
六道口,10,54,29
六道口,11,31,29
六道口,12,26,42
六道口,13,31,39
六道口,14,31,38
六道口,15,24,36
六道口,16,40,66
六道口,17,76,124
六道口,18,112,167
六道口,19,85,108
六道口,20,46,77
六道口,21,50,70
六道口,22,23,13
六道口,23,3,1
六里桥,0,0,0
六里桥,1,0,0
六里桥,2,0,0
六里桥,3,0,0
六里桥,4,0,1
六里桥,5,0,21
六里桥,6,20,83
六里桥,7,84,260
六里桥,8,201,253
六里桥,9,97,82
六里桥,10,51,46
六里桥,11,59,53
六里桥,12,42,58
六里桥,13,61,62
六里桥,14,64,75
六里桥,15,56,81
六里桥,16,61,87
六里桥,17,104,144
六里桥,18,193,112
六里桥,19,109,54
六里桥,20,58,46
六里桥,21,52,31
六里桥,22,30,15
六里桥,23,6,0
六里桥东,0,0,0
六里桥东,1,0,0
六里桥东,2,0,0
六里桥东,3,0,0
六里桥东,4,0,0
六里桥东,5,3,38
六里桥东,6,55,184
六里桥东,7,161,426
六里桥东,8,150,425
六里桥东,9,83,231
六里桥东,10,101,152
六里桥东,11,81,99
六里桥东,12,82,75
六里桥东,13,94,103
六里桥东,14,84,82
六里桥东,15,89,93
六里桥东,16,134,107
六里桥东,17,218,146
六里桥东,18,357,98
六里桥东,19,220,100
六里桥东,20,115,48
六里桥东,21,86,31
六里桥东,22,64,11
六里桥东,23,11,0
关庄,0,0,0
关庄,1,0,0
关庄,2,0,0
关庄,3,0,0
关庄,4,0,0
关庄,5,0,2
关庄,6,8,15
关庄,7,48,56
关庄,8,108,49
关庄,9,62,31
关庄,10,12,17
关庄,11,11,4
关庄,12,8,8
关庄,13,15,7
关庄,14,21,9
关庄,15,10,12
关庄,16,15,19
关庄,17,31,72
关庄,18,48,58
关庄,19,35,38
关庄,20,26,26
关庄,21,13,19
关庄,22,8,5
关庄,23,3,0
军事博物馆,0,0,0
军事博物馆,1,0,0
军事博物馆,2,0,0
军事博物馆,3,0,0
军事博物馆,4,0,0
军事博物馆,5,1,5
军事博物馆,6,67,34
军事博物馆,7,253,156
军事博物馆,8,357,141
军事博物馆,9,169,69
军事博物馆,10,90,55
军事博物馆,11,76,62
军事博物馆,12,56,76
军事博物馆,13,77,75
军事博物馆,14,73,68
军事博物馆,15,57,65
军事博物馆,16,62,164
军事博物馆,17,98,368
军事博物馆,18,117,183
军事博物馆,19,73,85
军事博物馆,20,32,51
军事博物馆,21,30,32
军事博物馆,22,23,14
军事博物馆,23,7,3
农业展览馆,0,0,0
农业展览馆,1,0,0
农业展览馆,2,0,0
农业展览馆,3,0,0
农业展览馆,4,0,0
农业展览馆,5,1,4
农业展览馆,6,10,10
农业展览馆,7,95,26
农业展览馆,8,90,46
农业展览馆,9,77,22
农业展览馆,10,35,12
农业展览馆,11,14,12
农业展览馆,12,9,14
农业展览馆,13,16,17
农业展览馆,14,17,9
农业展览馆,15,20,10
农业展览馆,16,7,41
农业展览馆,17,18,84
农业展览馆,18,25,64
农业展览馆,19,18,43
农业展览馆,20,10,20
农业展览馆,21,5,27
农业展览馆,22,5,11
农业展览馆,23,0,1
农大南路,0,0,0
农大南路,1,0,0
农大南路,2,0,0
农大南路,3,0,0
农大南路,4,0,0
农大南路,5,0,6
农大南路,6,8,33
农大南路,7,30,89
农大南路,8,41,79
农大南路,9,22,28
农大南路,10,17,14
农大南路,11,10,14
农大南路,12,17,11
农大南路,13,10,14
农大南路,14,17,10
农大南路,15,19,10
农大南路,16,23,15
农大南路,17,27,37
农大南路,18,89,32
农大南路,19,57,12
农大南路,20,40,9
农大南路,21,30,9
农大南路,22,28,5
农大南路,23,0,0
分钟寺,0,0,0
分钟寺,1,0,0
分钟寺,2,0,0
分钟寺,3,0,0
分钟寺,4,0,0
分钟寺,5,0,13
分钟寺,6,3,30
分钟寺,7,16,95
分钟寺,8,26,78
分钟寺,9,14,28
分钟寺,10,11,9
分钟寺,11,14,7
分钟寺,12,4,12
分钟寺,13,5,2
分钟寺,14,7,11
分钟寺,15,6,8
分钟寺,16,12,13
分钟寺,17,37,24
分钟寺,18,69,17
分钟寺,19,47,4
分钟寺,20,30,8
分钟寺,21,20,4
分钟寺,22,19,3
分钟寺,23,2,0
刘家窑,0,0,0
刘家窑,1,0,0
刘家窑,2,0,0
刘家窑,3,0,0
刘家窑,4,0,0
刘家窑,5,3,22
刘家窑,6,39,146
刘家窑,7,103,421
刘家窑,8,145,425
刘家窑,9,93,161
刘家窑,10,54,85
刘家窑,11,50,44
刘家窑,12,60,61
刘家窑,13,51,69
刘家窑,14,59,64
刘家窑,15,66,52
刘家窑,16,96,90
刘家窑,17,175,153
刘家窑,18,289,118
刘家窑,19,168,45
刘家窑,20,138,35
刘家窑,21,93,22
刘家窑,22,58,16
刘家窑,23,14,2
前门,0,0,0
前门,1,0,0
前门,2,0,0
前门,3,0,0
前门,4,0,0
前门,5,5,13
前门,6,45,41
前门,7,110,130
前门,8,136,132
前门,9,138,73
前门,10,121,48
前门,11,85,83
前门,12,78,74
前门,13,73,59
前门,14,67,88
前门,15,74,77
前门,16,82,87
前门,17,130,129
前门,18,143,91
前门,19,89,66
前门,20,44,68
前门,21,33,66
前门,22,27,29
前门,23,5,2
动物园,0,0,0
动物园,1,0,0
动物园,2,0,0
动物园,3,0,0
动物园,4,0,0
动物园,5,1,4
动物园,6,31,18
动物园,7,149,25
动物园,8,234,52
动物园,9,166,34
动物园,10,107,38
动物园,11,65,29
动物园,12,42,51
动物园,13,53,61
动物园,14,43,71
动物园,15,34,82
动物园,16,32,112
动物园,17,45,230
动物园,18,42,133
动物园,19,21,51
动物园,20,19,33
动物园,21,15,20
动物园,22,10,9
动物园,23,6,1
劲松,0,0,0
劲松,1,0,0
劲松,2,0,0
劲松,3,0,0
劲松,4,0,0
劲松,5,2,20
劲松,6,40,144
劲松,7,157,450
劲松,8,244,341
劲松,9,169,258
劲松,10,85,118
劲松,11,63,70
劲松,12,54,82
劲松,13,77,86
劲松,14,79,88
劲松,15,89,83
劲松,16,121,109
劲松,17,242,199
劲松,18,339,196
劲松,19,234,84
劲松,20,162,57
劲松,21,104,41
劲松,22,68,24
劲松,23,21,0
化工,0,0,0
化工,1,0,0
化工,2,0,0
化工,3,0,0
化工,4,0,0
化工,5,0,6
化工,6,8,31
化工,7,9,33
化工,8,20,33
化工,9,15,16
化工,10,6,6
化工,11,6,10
化工,12,3,2
化工,13,5,3
化工,14,7,5
化工,15,2,9
化工,16,9,6
化工,17,20,20
化工,18,40,22
化工,19,23,8
化工,20,8,4
化工,21,10,3
化工,22,9,1
化工,23,1,0
北京南站,0,0,0
北京南站,1,0,0
北京南站,2,0,0
北京南站,3,0,0
北京南站,4,0,0
北京南站,5,26,13
北京南站,6,227,126
北京南站,7,544,392
北京南站,8,525,397
北京南站,9,406,284
北京南站,10,307,198
北京南站,11,277,257
北京南站,12,309,310
北京南站,13,307,301
北京南站,14,262,297
北京南站,15,276,330
北京南站,16,297,461
北京南站,17,367,402
北京南站,18,427,336
北京南站,19,229,335
北京南站,20,149,247
北京南站,21,100,242
北京南站,22,62,156
北京南站,23,8,5
北京大学东门,0,0,0
北京大学东门,1,0,0
北京大学东门,2,0,0
北京大学东门,3,0,0
北京大学东门,4,0,0
北京大学东门,5,1,9
北京大学东门,6,8,25
北京大学东门,7,116,102
北京大学东门,8,210,86
北京大学东门,9,99,28
北京大学东门,10,52,38
北京大学东门,11,39,34
北京大学东门,12,38,41
北京大学东门,13,46,35
北京大学东门,14,40,37
北京大学东门,15,34,49
北京大学东门,16,42,66
北京大学东门,17,74,199
北京大学东门,18,97,179
北京大学东门,19,53,65
北京大学东门,20,35,62
北京大学东门,21,30,62
北京大学东门,22,17,17
北京大学东门,23,9,0
北京站,0,0,0
北京站,1,0,0
北京站,2,0,0
北京站,3,0,0
北京站,4,0,3
北京站,5,22,159
北京站,6,108,122
北京站,7,233,162
北京站,8,387,252
北京站,9,258,231
北京站,10,183,241
北京站,11,192,200
北京站,12,181,163
北京站,13,172,170
北京站,14,177,129
北京站,15,182,262
北京站,16,145,150
北京站,17,206,288
北京站,18,248,203
北京站,19,221,131
北京站,20,210,135
北京站,21,179,168
北京站,22,109,106
北京站,23,11,9
北京西站,0,0,0
北京西站,1,0,0
北京西站,2,0,0
北京西站,3,0,0
北京西站,4,0,0
北京西站,5,35,149
北京西站,6,189,160
北京西站,7,421,250
北京西站,8,599,256
北京西站,9,363,220
北京西站,10,298,263
北京西站,11,289,264
北京西站,12,269,244
北京西站,13,284,291
北京西站,14,272,267
北京西站,15,224,304
北京西站,16,272,214
北京西站,17,353,386
北京西站,18,360,351
北京西站,19,249,230
北京西站,20,185,195
北京西站,21,139,297
北京西站,22,51,114
北京西站,23,5,13
北土城,0,0,0
北土城,1,0,0
北土城,2,0,0
北土城,3,0,0
北土城,4,0,0
北土城,5,1,5
北土城,6,28,21
北土城,7,119,104
北土城,8,206,105
北土城,9,102,69
北土城,10,41,33
北土城,11,33,29
北土城,12,27,33
北土城,13,31,31
北土城,14,37,26
北土城,15,40,43
北土城,16,44,65
北土城,17,62,149
北土城,18,95,137
北土城,19,60,69
北土城,20,35,55
北土城,21,26,33
北土城,22,26,13
北土城,23,4,0
北安河,0,0,0
北安河,1,0,0
北安河,2,0,0
北安河,3,0,0
北安河,4,0,0
北安河,5,0,8
北安河,6,3,75
北安河,7,17,160
北安河,8,13,114
北安河,9,16,36
北安河,10,17,18
北安河,11,12,26
北安河,12,18,26
北安河,13,20,14
北安河,14,14,16
北安河,15,15,27
北安河,16,20,13
北安河,17,58,10
北安河,18,80,13
北安河,19,98,9
北安河,20,62,5
北安河,21,59,3
北安河,22,19,2
北安河,23,3,0
北宫门,0,0,0
北宫门,1,0,0
北宫门,2,0,0
北宫门,3,0,0
北宫门,4,0,2
北宫门,5,0,12
北宫门,6,19,93
北宫门,7,59,154
北宫门,8,69,198
北宫门,9,72,110
北宫门,10,88,43
北宫门,11,67,43
北宫门,12,37,41
北宫门,13,51,50
北宫门,14,48,53
北宫门,15,35,42
北宫门,16,52,66
北宫门,17,67,86
北宫门,18,105,42
北宫门,19,91,19
北宫门,20,56,12
北宫门,21,52,11
北宫门,22,41,3
北宫门,23,13,0
北工大西门,0,0,0
北工大西门,1,0,0
北工大西门,2,0,0
北工大西门,3,0,0
北工大西门,4,0,0
北工大西门,5,1,9
北工大西门,6,17,66
北工大西门,7,74,233
北工大西门,8,86,250
北工大西门,9,79,120
北工大西门,10,37,45
北工大西门,11,28,38
北工大西门,12,33,29
北工大西门,13,68,54
北工大西门,14,39,43
北工大西门,15,60,59
北工大西门,16,66,73
北工大西门,17,102,94
北工大西门,18,205,85
北工大西门,19,137,39
北工大西门,20,75,40
北工大西门,21,73,39
北工大西门,22,41,20
北工大西门,23,3,0
北新桥,0,0,0
北新桥,1,0,0
北新桥,2,0,0
北新桥,3,0,0
北新桥,4,0,0
北新桥,5,0,7
北新桥,6,51,27
北新桥,7,121,112
北新桥,8,166,102
北新桥,9,120,52
北新桥,10,49,41
北新桥,11,47,38
北新桥,12,37,36
北新桥,13,46,41
北新桥,14,62,44
北新桥,15,64,78
北新桥,16,60,91
北新桥,17,114,184
北新桥,18,151,129
北新桥,19,75,87
北新桥,20,43,77
北新桥,21,31,68
北新桥,22,28,47
北新桥,23,4,7
北沙滩,0,0,0
北沙滩,1,0,0
北沙滩,2,0,0
北沙滩,3,0,0
北沙滩,4,0,0
北沙滩,5,1,4
北沙滩,6,15,19
北沙滩,7,87,81
北沙滩,8,114,127
北沙滩,9,91,61
北沙滩,10,33,20
北沙滩,11,26,21
北沙滩,12,22,19
北沙滩,13,21,28
北沙滩,14,18,21
北沙滩,15,27,28
北沙滩,16,25,38
北沙滩,17,34,94
北沙滩,18,89,97
北沙滩,19,67,50
北沙滩,20,47,35
北沙滩,21,26,27
北沙滩,22,23,14
北沙滩,23,2,0
北海北,0,0,0
北海北,1,0,0
北海北,2,0,0
北海北,3,0,0
北海北,4,0,0
北海北,5,6,2
北海北,6,62,12
北海北,7,202,54
北海北,8,114,74
北海北,9,129,61
北海北,10,76,44
北海北,11,42,55
北海北,12,58,49
北海北,13,54,70
北海北,14,52,78
北海北,15,53,125
北海北,16,47,131
北海北,17,41,176
北海北,18,53,71
北海北,19,29,50
北海北,20,20,33
北海北,21,14,24
北海北,22,14,7
北海北,23,4,1
北苑,0,0,0
北苑,1,0,0
北苑,2,0,0
北苑,3,0,0
北苑,4,0,1
北苑,5,1,15
北苑,6,24,109
北苑,7,142,347
北苑,8,146,345
北苑,9,73,169
北苑,10,55,47
北苑,11,21,24
北苑,12,31,37
北苑,13,39,41
北苑,14,28,22
北苑,15,47,115
北苑,16,61,35
北苑,17,132,99
北苑,18,259,99
北苑,19,190,62
北苑,20,116,64
北苑,21,77,31
北苑,22,44,12
北苑,23,10,0
北苑路北,0,0,0
北苑路北,1,0,0
北苑路北,2,0,0
北苑路北,3,0,0
北苑路北,4,0,0
北苑路北,5,0,18
北苑路北,6,43,88
北苑路北,7,195,220
北苑路北,8,433,206
北苑路北,9,326,162
北苑路北,10,107,67
北苑路北,11,64,70
北苑路北,12,63,79
北苑路北,13,91,67
北苑路北,14,79,72
北苑路北,15,73,69
北苑路北,16,90,99
北苑路北,17,153,232
北苑路北,18,221,299
北苑路北,19,143,167
北苑路北,20,88,88
北苑路北,21,66,91
北苑路北,22,44,47
北苑路北,23,21,0
北运河东,0,0,0
北运河东,1,0,0
北运河东,2,0,0
北运河东,3,0,0
北运河东,4,0,1
北运河东,5,0,0
北运河东,6,0,4
北运河东,7,1,17
北运河东,8,6,20
北运河东,9,5,6
北运河东,10,2,2
北运河东,11,2,2
北运河东,12,3,2
北运河东,13,2,1
北运河东,14,0,0
北运河东,15,4,0
北运河东,16,3,3
北运河东,17,5,3
北运河东,18,6,1
北运河东,19,12,1
北运河东,20,0,0
北运河东,21,2,1
北运河东,22,2,0
北运河东,23,0,0
北运河西,0,0,0
北运河西,1,0,0
北运河西,2,0,0
北运河西,3,0,0
北运河西,4,0,0
北运河西,5,0,24
北运河西,6,9,238
北运河西,7,24,465
北运河西,8,58,398
北运河西,9,30,173
北运河西,10,23,75
北运河西,11,25,51
北运河西,12,35,49
北运河西,13,29,40
北运河西,14,36,23
北运河西,15,61,27
北运河西,16,66,31
北运河西,17,154,34
北运河西,18,319,42
北运河西,19,341,21
北运河西,20,170,11
北运河西,21,123,9
北运河西,22,84,3
北运河西,23,34,0
北邵洼,0,0,0
北邵洼,1,0,0
北邵洼,2,0,0
北邵洼,3,0,0
北邵洼,4,0,0
北邵洼,5,0,12
北邵洼,6,4,33
北邵洼,7,7,83
北邵洼,8,7,49
北邵洼,9,6,22
北邵洼,10,4,8
北邵洼,11,7,7
北邵洼,12,9,8
北邵洼,13,8,8
北邵洼,14,1,9
北邵洼,15,5,7
北邵洼,16,16,5
北邵洼,17,30,7
北邵洼,18,33,10
北邵洼,19,49,6
北邵洼,20,27,7
北邵洼,21,22,1
北邵洼,22,15,2
北邵洼,23,7,0
十三陵景区,0,0,0
十三陵景区,1,0,0
十三陵景区,2,0,0
十三陵景区,3,0,0
十三陵景区,4,0,0
十三陵景区,5,0,3
十三陵景区,6,1,14
十三陵景区,7,5,48
十三陵景区,8,5,22
十三陵景区,9,7,7
十三陵景区,10,6,5
十三陵景区,11,2,4
十三陵景区,12,5,7
十三陵景区,13,7,8
十三陵景区,14,3,6
十三陵景区,15,6,5
十三陵景区,16,12,4
十三陵景区,17,12,8
十三陵景区,18,21,2
十三陵景区,19,16,3
十三陵景区,20,21,1
十三陵景区,21,16,0
十三陵景区,22,8,1
十三陵景区,23,8,0
十里堡,0,0,0
十里堡,1,0,0
十里堡,2,0,0
十里堡,3,0,0
十里堡,4,0,1
十里堡,5,0,19
十里堡,6,33,146
十里堡,7,113,268
十里堡,8,238,204
十里堡,9,162,184
十里堡,10,87,82
十里堡,11,80,57
十里堡,12,68,61
十里堡,13,74,74
十里堡,14,52,69
十里堡,15,76,55
十里堡,16,90,73
十里堡,17,196,151
十里堡,18,263,149
十里堡,19,229,141
十里堡,20,149,74
十里堡,21,136,56
十里堡,22,78,43
十里堡,23,27,2
十里河,0,0,0
十里河,1,0,0
十里河,2,0,0
十里河,3,0,0
十里河,4,0,0
十里河,5,3,62
十里河,6,55,254
十里河,7,171,578
十里河,8,389,662
十里河,9,270,357
十里河,10,187,191
十里河,11,138,151
十里河,12,117,144
十里河,13,119,132
十里河,14,140,129
十里河,15,144,122
十里河,16,178,161
十里河,17,270,280
十里河,18,490,309
十里河,19,384,161
十里河,20,222,92
十里河,21,169,62
十里河,22,119,29
十里河,23,41,4
南楼梓庄,0,1,1
南楼梓庄,1,0,0
南楼梓庄,2,0,0
南楼梓庄,3,0,0
南楼梓庄,4,0,2
南楼梓庄,5,0,13
南楼梓庄,6,17,76
南楼梓庄,7,20,128
南楼梓庄,8,46,106
南楼梓庄,9,35,62
南楼梓庄,10,28,29
南楼梓庄,11,25,24
南楼梓庄,12,20,31
南楼梓庄,13,24,39
南楼梓庄,14,21,20
南楼梓庄,15,31,23
南楼梓庄,16,30,32
南楼梓庄,17,62,43
南楼梓庄,18,82,32
南楼梓庄,19,88,21
南楼梓庄,20,46,9
南楼梓庄,21,28,9
南楼梓庄,22,23,1
南楼梓庄,23,7,0
南法信,0,0,0
南法信,1,0,0
南法信,2,0,0
南法信,3,0,0
南法信,4,0,0
南法信,5,0,18
南法信,6,6,82
南法信,7,42,161
南法信,8,66,116
南法信,9,27,79
南法信,10,19,28
南法信,11,18,19
南法信,12,19,22
南法信,13,12,16
南法信,14,18,16
南法信,15,16,30
南法信,16,31,35
南法信,17,44,52
南法信,18,90,49
南法信,19,98,22
南法信,20,86,9
南法信,21,48,12
南法信,22,59,3
南法信,23,25,1
南礼士路,0,0,1
南礼士路,1,0,0
南礼士路,2,0,0
南礼士路,3,0,0
南礼士路,4,0,0
南礼士路,5,3,9
南礼士路,6,58,37
南礼士路,7,328,121
南礼士路,8,525,128
南礼士路,9,237,78
南礼士路,10,102,62
南礼士路,11,53,64
南礼士路,12,64,68
南礼士路,13,68,60
南礼士路,14,77,66
南礼士路,15,50,87
南礼士路,16,52,136
南礼士路,17,116,339
南礼士路,18,129,286
南礼士路,19,72,125
南礼士路,20,43,75
南礼士路,21,40,56
南礼士路,22,23,13
南礼士路,23,4,3
南邵,0,0,0
南邵,1,0,0
南邵,2,0,0
南邵,3,0,0
南邵,4,0,0
南邵,5,0,19
南邵,6,3,174
南邵,7,38,242
南邵,8,69,154
南邵,9,30,54
南邵,10,23,19
南邵,11,14,22
南邵,12,12,28
南邵,13,18,18
南邵,14,18,19
南邵,15,24,23
南邵,16,33,24
南邵,17,98,54
南邵,18,162,47
南邵,19,136,21
南邵,20,88,14
南邵,21,62,12
南邵,22,35,4
南邵,23,22,0
南锣鼓巷,0,0,0
南锣鼓巷,1,0,0
南锣鼓巷,2,0,0
南锣鼓巷,3,0,0
南锣鼓巷,4,0,0
南锣鼓巷,5,2,3
南锣鼓巷,6,61,16
南锣鼓巷,7,214,74
南锣鼓巷,8,179,104
南锣鼓巷,9,163,63
南锣鼓巷,10,112,57
南锣鼓巷,11,76,71
南锣鼓巷,12,81,81
南锣鼓巷,13,87,102
南锣鼓巷,14,74,94
南锣鼓巷,15,91,118
南锣鼓巷,16,78,161
南锣鼓巷,17,105,195
南锣鼓巷,18,139,126
南锣鼓巷,19,98,87
南锣鼓巷,20,43,80
南锣鼓巷,21,34,71
南锣鼓巷,22,30,35
南锣鼓巷,23,5,2
双井,0,0,0
双井,1,0,0
双井,2,0,0
双井,3,0,0
双井,4,0,0
双井,5,3,14
双井,6,41,76
双井,7,155,292
双井,8,446,237
双井,9,267,187
双井,10,123,97
双井,11,102,80
双井,12,101,104
双井,13,104,91
双井,14,93,134
双井,15,110,90
双井,16,139,113
双井,17,181,253
双井,18,306,282
双井,19,220,171
双井,20,115,144
双井,21,81,99
双井,22,56,58
双井,23,23,4
双合,0,0,0
双合,1,0,0
双合,2,0,0
双合,3,0,0
双合,4,0,1
双合,5,0,16
双合,6,10,95
双合,7,30,179
双合,8,25,173
双合,9,17,49
双合,10,10,28
双合,11,14,20
双合,12,12,20
双合,13,7,21
双合,14,22,23
双合,15,24,10
双合,16,45,18
双合,17,75,31
双合,18,161,14
双合,19,115,17
双合,20,72,13
双合,21,52,2
双合,22,31,2
双合,23,7,0
双桥,0,0,0
双桥,1,0,0
双桥,2,0,0
双桥,3,0,0
双桥,4,0,0
双桥,5,0,33
双桥,6,17,166
双桥,7,68,209
双桥,8,192,194
双桥,9,128,114
双桥,10,58,63
双桥,11,40,53
双桥,12,43,62
双桥,13,73,57
双桥,14,67,68
双桥,15,58,62
双桥,16,50,78
双桥,17,124,117
双桥,18,212,138
双桥,19,175,80
双桥,20,99,56
双桥,21,81,38
双桥,22,62,9
双桥,23,19,0
古城,0,0,0
古城,1,0,0
古城,2,0,0
古城,3,0,0
古城,4,0,2
古城,5,0,28
古城,6,23,130
古城,7,113,402
古城,8,169,282
古城,9,81,101
古城,10,48,47
古城,11,36,53
古城,12,49,47
古城,13,33,55
古城,14,49,54
古城,15,67,41
古城,16,78,52
古城,17,164,116
古城,18,223,105
古城,19,203,42
古城,20,103,35
古城,21,100,21
古城,22,45,7
古城,23,20,1
同济南路,0,0,0
同济南路,1,0,0
同济南路,2,0,0
同济南路,3,0,0
同济南路,4,0,0
同济南路,5,1,46
同济南路,6,14,178
同济南路,7,85,245
同济南路,8,113,174
同济南路,9,48,88
同济南路,10,34,40
同济南路,11,32,40
同济南路,12,36,54
同济南路,13,42,38
同济南路,14,49,31
同济南路,15,32,34
同济南路,16,55,50
同济南路,17,112,103
同济南路,18,163,62
同济南路,19,162,47
同济南路,20,84,24
同济南路,21,68,14
同济南路,22,38,5
同济南路,23,21,0
后沙峪,0,0,0
后沙峪,1,0,0
后沙峪,2,0,0
后沙峪,3,0,0
后沙峪,4,0,0
后沙峪,5,1,33
后沙峪,6,24,161
后沙峪,7,82,303
后沙峪,8,160,221
后沙峪,9,49,87
后沙峪,10,53,45
后沙峪,11,39,34
后沙峪,12,43,54
后沙峪,13,45,37
后沙峪,14,40,30
后沙峪,15,47,37
后沙峪,16,57,59
后沙峪,17,85,141
后沙峪,18,175,64
后沙峪,19,211,36
后沙峪,20,108,17
后沙峪,21,64,18
后沙峪,22,49,3
后沙峪,23,12,0
呼家楼,0,0,0
呼家楼,1,0,0
呼家楼,2,0,0
呼家楼,3,0,0
呼家楼,4,0,0
呼家楼,5,4,7
呼家楼,6,42,42
呼家楼,7,234,153
呼家楼,8,668,171
呼家楼,9,364,115
呼家楼,10,151,85
呼家楼,11,78,80
呼家楼,12,72,80
呼家楼,13,78,84
呼家楼,14,86,96
呼家楼,15,69,97
呼家楼,16,54,134
呼家楼,17,118,418
呼家楼,18,148,496
呼家楼,19,84,205
呼家楼,20,48,135
呼家楼,21,46,87
呼家楼,22,32,44
呼家楼,23,5,7
和义,0,0,0
和义,1,0,0
和义,2,0,0
和义,3,0,0
和义,4,0,0
和义,5,0,5
和义,6,3,45
和义,7,11,116
和义,8,9,60
和义,9,12,30
和义,10,11,16
和义,11,10,16
和义,12,13,16
和义,13,8,13
和义,14,14,6
和义,15,16,10
和义,16,17,13
和义,17,45,12
和义,18,57,12
和义,19,52,5
和义,20,32,6
和义,21,30,6
和义,22,20,1
和义,23,8,0
和平西桥,0,0,2
和平西桥,1,0,0
和平西桥,2,0,0
和平西桥,3,0,0
和平西桥,4,2,1
和平西桥,5,6,8
和平西桥,6,29,52
和平西桥,7,184,130
和平西桥,8,457,152
和平西桥,9,220,78
和平西桥,10,71,51
和平西桥,11,55,57
和平西桥,12,40,45
和平西桥,13,53,44
和平西桥,14,48,61
和平西桥,15,56,59
和平西桥,16,61,103
和平西桥,17,124,277
和平西桥,18,136,281
和平西桥,19,82,123
和平西桥,20,53,84
和平西桥,21,49,52
和平西桥,22,37,28
和平西桥,23,11,3
和平里北街,0,0,0
和平里北街,1,0,0
和平里北街,2,0,0
和平里北街,3,0,0
和平里北街,4,0,0
和平里北街,5,4,11
和平里北街,6,55,71
和平里北街,7,239,159
和平里北街,8,287,130
和平里北街,9,159,96
和平里北街,10,72,59
和平里北街,11,56,50
和平里北街,12,48,50
和平里北街,13,46,54
和平里北街,14,62,48
和平里北街,15,66,98
和平里北街,16,59,97
和平里北街,17,132,232
和平里北街,18,134,181
和平里北街,19,85,107
和平里北街,20,56,78
和平里北街,21,31,39
和平里北街,22,20,15
和平里北街,23,4,3
和平门,0,0,0
和平门,1,0,0
和平门,2,0,0
和平门,3,0,0
和平门,4,0,1
和平门,5,0,7
和平门,6,30,39
和平门,7,113,142
和平门,8,115,126
和平门,9,49,52
和平门,10,38,35
和平门,11,27,27
和平门,12,19,26
和平门,13,27,32
和平门,14,34,32
和平门,15,47,42
和平门,16,50,64
和平门,17,99,156
和平门,18,116,88
和平门,19,51,38
和平门,20,34,32
和平门,21,22,24
和平门,22,13,10
和平门,23,4,1
善各庄,0,0,0
善各庄,1,0,0
善各庄,2,0,0
善各庄,3,0,0
善各庄,4,0,1
善各庄,5,0,6
善各庄,6,1,18
善各庄,7,8,64
善各庄,8,9,88
善各庄,9,8,39
善各庄,10,3,16
善各庄,11,4,6
善各庄,12,4,6
善各庄,13,5,5
善各庄,14,7,9
善各庄,15,8,6
善各庄,16,18,8
善各庄,17,18,11
善各庄,18,56,17
善各庄,19,56,3
善各庄,20,27,3
善各庄,21,22,5
善各庄,22,17,0
善各庄,23,6,0
四惠,0,0,1
四惠,1,0,0
四惠,2,0,0
四惠,3,0,0
四惠,4,0,0
四惠,5,4,15
四惠,6,52,98
四惠,7,197,269
四惠,8,518,285
四惠,9,337,171
四惠,10,114,123
四惠,11,91,83
四惠,12,82,63
四惠,13,100,79
四惠,14,82,65
四惠,15,90,64
四惠,16,118,110
四惠,17,208,240
四惠,18,290,373
四惠,19,180,205
四惠,20,117,105
四惠,21,64,70
四惠,22,53,34
四惠,23,9,5
四惠东,0,2,0
四惠东,1,0,0
四惠东,2,0,0
四惠东,3,0,0
四惠东,4,0,3
四惠东,5,6,20
四惠东,6,29,122
四惠东,7,123,276
四惠东,8,523,357
四惠东,9,355,179
四惠东,10,92,93
四惠东,11,71,67
四惠东,12,65,86
四惠东,13,75,74
四惠东,14,62,81
四惠东,15,65,81
四惠东,16,78,93
四惠东,17,137,239
四惠东,18,209,421
四惠东,19,147,188
四惠东,20,94,90
四惠东,21,82,83
四惠东,22,67,26
四惠东,23,27,3
四道桥,0,0,0
四道桥,1,0,0
四道桥,2,0,0
四道桥,3,0,0
四道桥,4,0,0
四道桥,5,0,2
四道桥,6,0,16
四道桥,7,0,47
四道桥,8,1,25
四道桥,9,5,4
四道桥,10,1,3
四道桥,11,2,2
四道桥,12,3,5
四道桥,13,2,2
四道桥,14,1,1
四道桥,15,6,0
四道桥,16,6,2
四道桥,17,13,2
四道桥,18,21,2
四道桥,19,21,1
四道桥,20,10,0
四道桥,21,1,0
四道桥,22,2,2
四道桥,23,1,0
回龙观,0,0,0
回龙观,1,0,0
回龙观,2,0,0
回龙观,3,0,0
回龙观,4,0,2
回龙观,5,1,22
回龙观,6,17,199
回龙观,7,52,641
回龙观,8,67,681
回龙观,9,56,451
回龙观,10,56,117
回龙观,11,51,59
回龙观,12,59,59
回龙观,13,67,67
回龙观,14,62,51
回龙观,15,73,43
回龙观,16,87,62
回龙观,17,204,59
回龙观,18,442,42
回龙观,19,463,42
回龙观,20,291,23
回龙观,21,244,28
回龙观,22,109,9
回龙观,23,42,0
回龙观东大街,0,0,0
回龙观东大街,1,0,0
回龙观东大街,2,0,0
回龙观东大街,3,0,0
回龙观东大街,4,0,2
回龙观东大街,5,0,38
回龙观东大街,6,12,163
回龙观东大街,7,42,629
回龙观东大街,8,56,662
回龙观东大街,9,67,249
回龙观东大街,10,36,52
回龙观东大街,11,30,22
回龙观东大街,12,37,48
回龙观东大街,13,43,44
回龙观东大街,14,41,28
回龙观东大街,15,44,21
回龙观东大街,16,63,27
回龙观东大街,17,131,49
回龙观东大街,18,358,56
回龙观东大街,19,421,40
回龙观东大街,20,235,16
回龙观东大街,21,214,23
回龙观东大街,22,123,10
回龙观东大街,23,22,0
团结湖,0,0,0
团结湖,1,0,0
团结湖,2,0,0
团结湖,3,0,0
团结湖,4,0,0
团结湖,5,4,7
团结湖,6,51,57
团结湖,7,284,141
团结湖,8,566,194
团结湖,9,524,119
团结湖,10,229,73
团结湖,11,111,83
团结湖,12,113,79
团结湖,13,133,99
团结湖,14,129,85
团结湖,15,94,129
团结湖,16,121,194
团结湖,17,155,325
团结湖,18,234,478
团结湖,19,170,289
团结湖,20,93,237
团结湖,21,52,212
团结湖,22,54,122
团结湖,23,8,15
园博园,0,0,0
园博园,1,0,0
园博园,2,0,0
园博园,3,0,0
园博园,4,0,0
园博园,5,0,1
园博园,6,2,34
园博园,7,9,79
园博园,8,22,25
园博园,9,12,15
园博园,10,11,7
园博园,11,7,9
园博园,12,8,11
园博园,13,4,7
园博园,14,4,15
园博园,15,11,21
园博园,16,20,8
园博园,17,32,7
园博园,18,58,11
园博园,19,40,5
园博园,20,15,4
园博园,21,13,4
园博园,22,4,1
园博园,23,0,0
国家图书馆,0,0,0
国家图书馆,1,0,0
国家图书馆,2,0,0
国家图书馆,3,0,0
国家图书馆,4,0,0
国家图书馆,5,3,5
国家图书馆,6,36,42
国家图书馆,7,237,83
国家图书馆,8,408,108
国家图书馆,9,161,62
国家图书馆,10,71,40
国家图书馆,11,57,64
国家图书馆,12,53,59
国家图书馆,13,52,61
国家图书馆,14,40,55
国家图书馆,15,58,70
国家图书馆,16,57,135
国家图书馆,17,76,265
国家图书馆,18,99,227
国家图书馆,19,60,103
国家图书馆,20,41,84
国家图书馆,21,35,55
国家图书馆,22,27,14
国家图书馆,23,7,0
国展,0,0,0
国展,1,0,0
国展,2,0,0
国展,3,0,0
国展,4,0,0
国展,5,0,5
国展,6,13,50
国展,7,89,102
国展,8,162,95
国展,9,62,57
国展,10,37,38
国展,11,26,16
国展,12,28,32
国展,13,27,31
国展,14,30,29
国展,15,25,31
国展,16,30,64
国展,17,47,170
国展,18,56,79
国展,19,88,21
国展,20,56,13
国展,21,36,15
国展,22,29,0
国展,23,11,2
国贸,0,0,1
国贸,1,0,0
国贸,2,0,0
国贸,3,0,0
国贸,4,1,1
国贸,5,10,29
国贸,6,95,140
国贸,7,396,402
国贸,8,1266,441
国贸,9,841,249
国贸,10,330,183
国贸,11,224,193
国贸,12,194,217
国贸,13,207,192
国贸,14,222,202
国贸,15,206,207
国贸,16,225,268
国贸,17,350,665
国贸,18,422,959
国贸,19,260,431
国贸,20,131,303
国贸,21,63,213
国贸,22,33,93
国贸,23,8,5
圆明园,0,0,0
圆明园,1,0,0
圆明园,2,0,0
圆明园,3,0,0
圆明园,4,0,0
圆明园,5,0,8
圆明园,6,11,31
圆明园,7,64,81
圆明园,8,72,59
圆明园,9,48,24
圆明园,10,38,24
圆明园,11,29,23
圆明园,12,30,24
圆明园,13,32,19
圆明园,14,38,45
圆明园,15,28,30
圆明园,16,23,69
圆明园,17,27,105
圆明园,18,52,62
圆明园,19,41,28
圆明园,20,19,22
圆明园,21,20,13
圆明园,22,32,8
圆明园,23,9,0
土桥,0,0,0
土桥,1,0,0
土桥,2,0,0
土桥,3,0,0
土桥,4,0,0
土桥,5,0,49
土桥,6,11,329
土桥,7,26,516
土桥,8,53,435
土桥,9,34,150
土桥,10,34,67
土桥,11,42,56
土桥,12,32,51
土桥,13,33,43
土桥,14,34,41
土桥,15,45,39
土桥,16,62,38
土桥,17,97,46
土桥,18,219,49
土桥,19,219,32
土桥,20,119,25
土桥,21,74,12
土桥,22,59,3
土桥,23,27,0
垈头,0,0,0
垈头,1,0,0
垈头,2,0,0
垈头,3,0,0
垈头,4,0,1
垈头,5,0,15
垈头,6,5,89
垈头,7,16,186
垈头,8,18,163
垈头,9,12,71
垈头,10,14,26
垈头,11,16,29
垈头,12,11,24
垈头,13,9,17
垈头,14,24,16
垈头,15,22,23
垈头,16,37,22
垈头,17,79,23
垈头,18,127,31
垈头,19,106,10
垈头,20,63,11
垈头,21,57,8
垈头,22,44,1
垈头,23,10,0
复兴门,0,0,0
复兴门,1,0,0
复兴门,2,0,0
复兴门,3,0,0
复兴门,4,0,1
复兴门,5,5,6
复兴门,6,69,26
复兴门,7,520,69
复兴门,8,1125,72
复兴门,9,301,55
复兴门,10,132,76
复兴门,11,79,91
复兴门,12,69,85
复兴门,13,95,76
复兴门,14,79,80
复兴门,15,59,101
复兴门,16,75,171
复兴门,17,93,651
复兴门,18,100,494
复兴门,19,33,224
复兴门,20,19,125
复兴门,21,21,87
复兴门,22,15,34
复兴门,23,4,1
大井,0,0,0
大井,1,0,0
大井,2,0,0
大井,3,0,0
大井,4,0,0
大井,5,0,5
大井,6,6,36
大井,7,20,110
大井,8,52,77
大井,9,22,30
大井,10,10,13
大井,11,12,8
大井,12,12,16
大井,13,19,8
大井,14,15,16
大井,15,16,17
大井,16,26,24
大井,17,45,35
大井,18,74,25
大井,19,54,10
大井,20,29,9
大井,21,22,6
大井,22,15,1
大井,23,0,0
大屯路东,0,0,0
大屯路东,1,0,0
大屯路东,2,0,0
大屯路东,3,0,0
大屯路东,4,0,1
大屯路东,5,2,5
大屯路东,6,41,57
大屯路东,7,154,181
大屯路东,8,357,189
大屯路东,9,229,94
大屯路东,10,92,59
大屯路东,11,48,53
大屯路东,12,44,44
大屯路东,13,54,65
大屯路东,14,57,44
大屯路东,15,66,56
大屯路东,16,72,77
大屯路东,17,142,257
大屯路东,18,169,233
大屯路东,19,101,138
大屯路东,20,77,94
大屯路东,21,56,88
大屯路东,22,39,29
大屯路东,23,9,5
大望路,0,0,0
大望路,1,0,0
大望路,2,0,0
大望路,3,0,0
大望路,4,0,0
大望路,5,11,31
大望路,6,68,108
大望路,7,290,285
大望路,8,1131,350
大望路,9,918,211
大望路,10,353,156
大望路,11,217,186
大望路,12,231,194
大望路,13,210,196
大望路,14,206,195
大望路,15,210,181
大望路,16,254,222
大望路,17,297,528
大望路,18,419,856
大望路,19,277,546
大望路,20,169,309
大望路,21,157,209
大望路,22,91,147
大望路,23,19,11
大瓦窑,0,0,0
大瓦窑,1,0,0
大瓦窑,2,0,0
大瓦窑,3,0,0
大瓦窑,4,0,0
大瓦窑,5,0,6
大瓦窑,6,7,84
大瓦窑,7,24,143
大瓦窑,8,29,122
大瓦窑,9,10,20
大瓦窑,10,10,14
大瓦窑,11,9,6
大瓦窑,12,14,10
大瓦窑,13,10,18
大瓦窑,14,10,12
大瓦窑,15,8,12
大瓦窑,16,17,12
大瓦窑,17,54,20
大瓦窑,18,116,14
大瓦窑,19,82,6
大瓦窑,20,35,6
大瓦窑,21,30,8
大瓦窑,22,12,0
大瓦窑,23,0,0
大石河东,0,0,0
大石河东,1,0,0
大石河东,2,0,0
大石河东,3,0,0
大石河东,4,0,0
大石河东,5,0,0
大石河东,6,1,0
大石河东,7,3,3
大石河东,8,8,3
大石河东,9,1,0
大石河东,10,3,4
大石河东,11,1,1
大石河东,12,4,2
大石河东,13,2,3
大石河东,14,2,2
大石河东,15,2,2
大石河东,16,3,2
大石河东,17,3,5
大石河东,18,1,2
大石河东,19,1,4
大石河东,20,2,2
大石河东,21,1,1
大石河东,22,2,1
大石河东,23,1,0
大红门,0,0,0
大红门,1,0,0
大红门,2,0,0
大红门,3,0,0
大红门,4,0,0
大红门,5,4,24
大红门,6,60,75
大红门,7,85,252
大红门,8,81,198
大红门,9,59,86
大红门,10,62,41
大红门,11,44,37
大红门,12,57,42
大红门,13,48,34
大红门,14,53,51
大红门,15,56,59
大红门,16,58,89
大红门,17,74,102
大红门,18,141,60
大红门,19,119,34
大红门,20,83,12
大红门,21,48,11
大红门,22,34,4
大红门,23,6,0
大红门南,0,0,0
大红门南,1,0,0
大红门南,2,0,0
大红门南,3,0,0
大红门南,4,0,0
大红门南,5,0,2
大红门南,6,1,11
大红门南,7,12,27
大红门南,8,12,24
大红门南,9,5,8
大红门南,10,10,4
大红门南,11,3,7
大红门南,12,3,5
大红门南,13,3,2
大红门南,14,3,4
大红门南,15,6,8
大红门南,16,10,8
大红门南,17,12,8
大红门南,18,23,7
大红门南,19,11,3
大红门南,20,8,3
大红门南,21,11,3
大红门南,22,5,2
大红门南,23,1,0
大葆台,0,0,0
大葆台,1,0,0
大葆台,2,0,0
大葆台,3,0,0
大葆台,4,0,0
大葆台,5,1,19
大葆台,6,21,45
大葆台,7,73,76
大葆台,8,105,39
大葆台,9,28,20
大葆台,10,18,13
大葆台,11,12,19
大葆台,12,11,15
大葆台,13,11,12
大葆台,14,18,21
大葆台,15,17,26
大葆台,16,20,27
大葆台,17,27,66
大葆台,18,56,79
大葆台,19,37,24
大葆台,20,18,18
大葆台,21,17,15
大葆台,22,10,3
大葆台,23,2,1
大郊亭,0,0,0
大郊亭,1,0,0
大郊亭,2,0,0
大郊亭,3,0,0
大郊亭,4,0,0
大郊亭,5,0,11
大郊亭,6,8,28
大郊亭,7,55,65
大郊亭,8,237,67
大郊亭,9,112,42
大郊亭,10,36,41
大郊亭,11,33,25
大郊亭,12,36,37
大郊亭,13,21,26
大郊亭,14,36,27
大郊亭,15,29,33
大郊亭,16,31,42
大郊亭,17,47,90
大郊亭,18,60,164
大郊亭,19,44,44
大郊亭,20,29,39
大郊亭,21,16,20
大郊亭,22,9,7
大郊亭,23,5,0
大钟寺,0,0,0
大钟寺,1,0,0
大钟寺,2,0,0
大钟寺,3,0,0
大钟寺,4,0,0
大钟寺,5,0,8
大钟寺,6,39,32
大钟寺,7,198,85
大钟寺,8,395,91
大钟寺,9,204,45
大钟寺,10,54,25
大钟寺,11,44,23
大钟寺,12,49,27
大钟寺,13,49,30
大钟寺,14,35,45
大钟寺,15,38,58
大钟寺,16,27,84
大钟寺,17,55,213
大钟寺,18,88,291
大钟寺,19,52,143
大钟寺,20,45,118
大钟寺,21,42,66
大钟寺,22,29,25
大钟寺,23,3,1
天坛东门,0,0,0
天坛东门,1,0,0
天坛东门,2,0,0
天坛东门,3,0,0
天坛东门,4,0,0
天坛东门,5,2,6
天坛东门,6,44,39
天坛东门,7,170,171
天坛东门,8,204,127
天坛东门,9,152,79
天坛东门,10,96,55
天坛东门,11,51,53
天坛东门,12,66,81
天坛东门,13,50,72
天坛东门,14,63,67
天坛东门,15,59,76
天坛东门,16,54,112
天坛东门,17,87,184
天坛东门,18,105,134
天坛东门,19,56,69
天坛东门,20,36,24
天坛东门,21,32,28
天坛东门,22,16,7
天坛东门,23,5,0
天安门东,0,0,0
天安门东,1,0,0
天安门东,2,0,0
天安门东,3,0,0
天安门东,4,0,0
天安门东,5,3,14
天安门东,6,36,10
天安门东,7,155,17
天安门东,8,157,19
天安门东,9,173,18
天安门东,10,138,39
天安门东,11,89,73
天安门东,12,63,68
天安门东,13,68,71
天安门东,14,57,81
天安门东,15,27,92
天安门东,16,40,139
天安门东,17,28,128
天安门东,18,39,68
天安门东,19,15,58
天安门东,20,21,42
天安门东,21,12,38
天安门东,22,8,15
天安门东,23,1,4
天安门西,0,0,0
天安门西,1,0,0
天安门西,2,0,0
天安门西,3,0,0
天安门西,4,0,0
天安门西,5,3,1
天安门西,6,30,9
天安门西,7,88,11
天安门西,8,82,14
天安门西,9,74,10
天安门西,10,47,11
天安门西,11,33,20
天安门西,12,23,22
天安门西,13,25,27
天安门西,14,31,24
天安门西,15,20,26
天安门西,16,18,58
天安门西,17,35,67
天安门西,18,131,48
天安门西,19,48,38
天安门西,20,7,41
天安门西,21,4,145
天安门西,22,5,40
天安门西,23,2,0
天宫院,0,0,0
天宫院,1,0,0
天宫院,2,0,0
天宫院,3,0,0
天宫院,4,0,0
天宫院,5,0,113
天宫院,6,27,363
天宫院,7,87,405
天宫院,8,83,250
天宫院,9,66,115
天宫院,10,63,67
天宫院,11,60,62
天宫院,12,75,66
天宫院,13,52,64
天宫院,14,62,56
天宫院,15,68,46
天宫院,16,90,94
天宫院,17,123,96
天宫院,18,224,57
天宫院,19,263,52
天宫院,20,136,29
天宫院,21,59,14
天宫院,22,57,12
天宫院,23,35,0
天桥,0,0,0
天桥,1,0,0
天桥,2,0,0
天桥,3,0,0
天桥,4,0,0
天桥,5,0,0
天桥,6,11,6
天桥,7,60,16
天桥,8,55,19
天桥,9,36,27
天桥,10,25,19
天桥,11,16,22
天桥,12,20,12
天桥,13,24,13
天桥,14,20,20
天桥,15,15,24
天桥,16,12,46
天桥,17,21,59
天桥,18,40,21
天桥,19,27,8
天桥,20,5,12
天桥,21,4,32
天桥,22,6,9
天桥,23,0,0
天通苑,0,0,0
天通苑,1,0,0
天通苑,2,0,0
天通苑,3,0,0
天通苑,4,0,7
天通苑,5,2,100
天通苑,6,18,460
天通苑,7,63,759
天通苑,8,86,778
天通苑,9,76,407
天通苑,10,67,124
天通苑,11,71,106
天通苑,12,72,87
天通苑,13,74,108
天通苑,14,87,64
天通苑,15,108,76
天通苑,16,157,62
天通苑,17,297,99
天通苑,18,618,82
天通苑,19,625,49
天通苑,20,355,28
天通苑,21,283,27
天通苑,22,244,18
天通苑,23,57,2
天通苑北,0,0,0
天通苑北,1,0,0
天通苑北,2,0,0
天通苑北,3,0,0
天通苑北,4,0,3
天通苑北,5,0,198
天通苑北,6,58,772
天通苑北,7,127,986
天通苑北,8,128,859
天通苑北,9,94,439
天通苑北,10,102,162
天通苑北,11,76,123
天通苑北,12,79,130
天通苑北,13,95,118
天通苑北,14,115,69
天通苑北,15,139,68
天通苑北,16,182,103
天通苑北,17,364,125
天通苑北,18,755,92
天通苑北,19,822,61
天通苑北,20,397,42
天通苑北,21,254,32
天通苑北,22,197,12
天通苑北,23,68,0
天通苑南,0,0,1
天通苑南,1,0,0
天通苑南,2,0,0
天通苑南,3,0,0
天通苑南,4,0,2
天通苑南,5,0,15
天通苑南,6,10,129
天通苑南,7,38,300
天通苑南,8,87,299
天通苑南,9,40,161
天通苑南,10,31,48
天通苑南,11,26,29
天通苑南,12,31,41
天通苑南,13,34,29
天通苑南,14,37,31
天通苑南,15,55,32
天通苑南,16,72,35
天通苑南,17,125,54
天通苑南,18,230,53
天通苑南,19,206,36
天通苑南,20,111,19
天通苑南,21,98,18
天通苑南,22,61,7
天通苑南,23,20,1
太阳宫,0,0,0
太阳宫,1,0,0
太阳宫,2,0,0
太阳宫,3,0,0
太阳宫,4,0,0
太阳宫,5,1,8
太阳宫,6,30,45
太阳宫,7,173,214
太阳宫,8,275,256
太阳宫,9,261,176
太阳宫,10,103,79
太阳宫,11,75,56
太阳宫,12,65,62
太阳宫,13,56,58
太阳宫,14,69,60
太阳宫,15,65,56
太阳宫,16,82,88
太阳宫,17,141,212
太阳宫,18,222,231
太阳宫,19,149,150
太阳宫,20,90,109
太阳宫,21,73,75
太阳宫,22,34,38
太阳宫,23,11,0
奥体中心,0,0,0
奥体中心,1,0,0
奥体中心,2,0,0
奥体中心,3,0,0
奥体中心,4,0,0
奥体中心,5,0,0
奥体中心,6,7,2
奥体中心,7,45,10
奥体中心,8,109,8
奥体中心,9,78,5
奥体中心,10,37,15
奥体中心,11,14,25
奥体中心,12,17,25
奥体中心,13,46,30
奥体中心,14,33,24
奥体中心,15,35,28
奥体中心,16,22,57
奥体中心,17,27,86
奥体中心,18,32,82
奥体中心,19,14,43
奥体中心,20,23,28
奥体中心,21,3,13
奥体中心,22,2,4
奥体中心,23,0,0
奥林匹克公园,0,0,0
奥林匹克公园,1,0,0
奥林匹克公园,2,0,0
奥林匹克公园,3,0,0
奥林匹克公园,4,0,0
奥林匹克公园,5,0,7
奥林匹克公园,6,35,15
奥林匹克公园,7,127,65
奥林匹克公园,8,326,54
奥林匹克公园,9,375,31
奥林匹克公园,10,165,34
奥林匹克公园,11,86,57
奥林匹克公园,12,79,96
奥林匹克公园,13,93,101
奥林匹克公园,14,85,101
奥林匹克公园,15,87,92
奥林匹克公园,16,71,141
奥林匹克公园,17,84,214
奥林匹克公园,18,106,242
奥林匹克公园,19,87,175
奥林匹克公园,20,57,163
奥林匹克公园,21,28,145
奥林匹克公园,22,16,67
奥林匹克公园,23,3,3
孙河,0,0,0
孙河,1,0,0
孙河,2,0,0
孙河,3,0,0
孙河,4,0,0
孙河,5,0,6
孙河,6,6,26
孙河,7,42,54
孙河,8,39,54
孙河,9,25,23
孙河,10,13,6
孙河,11,12,13
孙河,12,7,8
孙河,13,10,11
孙河,14,7,12
孙河,15,4,13
孙河,16,14,11
孙河,17,28,23
孙河,18,40,40
孙河,19,43,16
孙河,20,25,7
孙河,21,9,11
孙河,22,12,3
孙河,23,2,0
安华桥,0,0,0
安华桥,1,0,0
安华桥,2,0,0
安华桥,3,0,0
安华桥,4,0,0
安华桥,5,1,5
安华桥,6,12,41
安华桥,7,136,142
安华桥,8,250,131
安华桥,9,117,74
安华桥,10,42,41
安华桥,11,26,37
安华桥,12,37,30
安华桥,13,44,44
安华桥,14,33,36
安华桥,15,28,51
安华桥,16,44,85
安华桥,17,71,198
安华桥,18,121,158
安华桥,19,71,55
安华桥,20,47,49
安华桥,21,52,36
安华桥,22,25,8
安华桥,23,1,0
安定门,0,0,0
安定门,1,0,0
安定门,2,0,0
安定门,3,0,0
安定门,4,0,1
安定门,5,1,3
安定门,6,26,41
安定门,7,155,150
安定门,8,234,161
安定门,9,88,78
安定门,10,64,50
安定门,11,47,43
安定门,12,31,33
安定门,13,36,61
安定门,14,49,55
安定门,15,53,52
安定门,16,57,112
安定门,17,119,198
安定门,18,138,141
安定门,19,68,49
安定门,20,48,46
安定门,21,32,44
安定门,22,20,13
安定门,23,5,0
安德里北街,0,0,0
安德里北街,1,0,0
安德里北街,2,0,0
安德里北街,3,0,0
安德里北街,4,0,0
安德里北街,5,1,2
安德里北街,6,7,17
安德里北街,7,75,83
安德里北街,8,90,60
安德里北街,9,35,25
安德里北街,10,13,11
安德里北街,11,20,8
安德里北街,12,7,9
安德里北街,13,13,10
安德里北街,14,14,10
安德里北街,15,15,22
安德里北街,16,24,22
安德里北街,17,46,70
安德里北街,18,39,80
安德里北街,19,32,29
安德里北街,20,20,14
安德里北街,21,22,11
安德里北街,22,4,5
安德里北街,23,2,1
安河桥北,0,0,0
安河桥北,1,0,0
安河桥北,2,0,0
安河桥北,3,0,0
安河桥北,4,0,0
安河桥北,5,0,12
安河桥北,6,10,97
安河桥北,7,34,263
安河桥北,8,70,192
安河桥北,9,47,62
安河桥北,10,22,43
安河桥北,11,28,23
安河桥北,12,25,24
安河桥北,13,23,20
安河桥北,14,27,31
安河桥北,15,37,26
安河桥北,16,53,45
安河桥北,17,123,50
安河桥北,18,153,45
安河桥北,19,108,24
安河桥北,20,48,19
安河桥北,21,43,9
安河桥北,22,31,2
安河桥北,23,14,0
安立路,0,0,0
安立路,1,0,0
安立路,2,0,0
安立路,3,0,0
安立路,4,0,0
安立路,5,0,4
安立路,6,13,12
安立路,7,103,91
安立路,8,216,119
安立路,9,102,78
安立路,10,57,52
安立路,11,34,30
安立路,12,38,35
安立路,13,42,42
安立路,14,31,37
安立路,15,32,43
安立路,16,46,65
安立路,17,57,133
安立路,18,98,133
安立路,19,70,62
安立路,20,36,42
安立路,21,24,41
安立路,22,24,6
安立路,23,1,0
安贞门,0,0,0
安贞门,1,0,0
安贞门,2,0,0
安贞门,3,0,0
安贞门,4,0,2
安贞门,5,1,4
安贞门,6,33,28
安贞门,7,262,121
安贞门,8,524,157
安贞门,9,302,123
安贞门,10,119,65
安贞门,11,63,83
安贞门,12,50,64
安贞门,13,84,58
安贞门,14,58,67
安贞门,15,47,82
安贞门,16,51,115
安贞门,17,96,300
安贞门,18,125,286
安贞门,19,104,154
安贞门,20,51,110
安贞门,21,42,94
安贞门,22,25,32
安贞门,23,5,2
宋家庄,0,0,0
宋家庄,1,0,0
宋家庄,2,0,0
宋家庄,3,0,0
宋家庄,4,1,1
宋家庄,5,5,45
宋家庄,6,57,349
宋家庄,7,222,946
宋家庄,8,323,858
宋家庄,9,157,341
宋家庄,10,110,160
宋家庄,11,127,122
宋家庄,12,112,135
宋家庄,13,103,126
宋家庄,14,113,128
宋家庄,15,155,165
宋家庄,16,217,144
宋家庄,17,436,235
宋家庄,18,649,245
宋家庄,19,483,113
宋家庄,20,271,93
宋家庄,21,193,56
宋家庄,22,155,16
宋家庄,23,41,2
宣武门,0,2,2
宣武门,1,0,0
宣武门,2,0,0
宣武门,3,0,0
宣武门,4,0,0
宣武门,5,3,15
宣武门,6,47,41
宣武门,7,247,216
宣武门,8,435,203
宣武门,9,152,88
宣武门,10,67,67
宣武门,11,76,80
宣武门,12,59,61
宣武门,13,90,60
宣武门,14,59,71
宣武门,15,61,67
宣武门,16,75,104
宣武门,17,116,307
宣武门,18,148,229
宣武门,19,76,103
宣武门,20,46,78
宣武门,21,34,73
宣武门,22,22,25
宣武门,23,8,1
将台,0,0,0
将台,1,0,0
将台,2,0,0
将台,3,0,0
将台,4,0,0
将台,5,0,25
将台,6,38,87
将台,7,304,156
将台,8,759,201
将台,9,689,108
将台,10,223,72
将台,11,95,80
将台,12,91,90
将台,13,118,83
将台,14,75,88
将台,15,103,93
将台,16,88,153
将台,17,125,443
将台,18,206,580
将台,19,159,368
将台,20,85,208
将台,21,64,117
将台,22,57,47
将台,23,3,0
小园,0,0,1
小园,1,0,0
小园,2,0,0
小园,3,0,0
小园,4,0,0
小园,5,2,12
小园,6,1,36
小园,7,11,82
小园,8,7,39
小园,9,5,8
小园,10,1,6
小园,11,1,6
小园,12,0,8
小园,13,2,4
小园,14,4,3
小园,15,4,3
小园,16,8,8
小园,17,10,8
小园,18,47,10
小园,19,33,2
小园,20,28,1
小园,21,20,3
小园,22,18,0
小园,23,7,3
小红门,0,0,0
小红门,1,0,0
小红门,2,0,0
小红门,3,0,0
小红门,4,0,0
小红门,5,0,20
小红门,6,6,113
小红门,7,11,218
小红门,8,16,173
小红门,9,8,72
小红门,10,8,27
小红门,11,12,24
小红门,12,14,17
小红门,13,18,18
小红门,14,21,17
小红门,15,31,9
小红门,16,44,18
小红门,17,70,21
小红门,18,155,15
小红门,19,136,6
小红门,20,80,9
小红门,21,47,11
小红门,22,56,4
小红门,23,14,0
屯佃,0,0,0
屯佃,1,0,0
屯佃,2,0,0
屯佃,3,0,0
屯佃,4,0,0
屯佃,5,0,23
屯佃,6,1,61
屯佃,7,6,132
屯佃,8,8,79
屯佃,9,5,26
屯佃,10,13,13
屯佃,11,8,8
屯佃,12,7,14
屯佃,13,10,12
屯佃,14,8,6
屯佃,15,12,8
屯佃,16,15,5
屯佃,17,32,10
屯佃,18,66,7
屯佃,19,83,4
屯佃,20,48,5
屯佃,21,32,2
屯佃,22,27,0
屯佃,23,4,0
崇文门,0,0,0
崇文门,1,0,0
崇文门,2,0,0
崇文门,3,0,0
崇文门,4,0,0
崇文门,5,12,5
崇文门,6,132,81
崇文门,7,488,298
崇文门,8,518,361
崇文门,9,337,228
崇文门,10,229,166
崇文门,11,178,197
崇文门,12,191,159
崇文门,13,183,204
崇文门,14,150,225
崇文门,15,156,252
崇文门,16,196,292
崇文门,17,301,405
崇文门,18,376,307
崇文门,19,161,189
崇文门,20,114,205
崇文门,21,61,138
崇文门,22,40,76
崇文门,23,11,2
崔各庄,0,0,0
崔各庄,1,0,0
崔各庄,2,0,0
崔各庄,3,0,0
崔各庄,4,0,0
崔各庄,5,0,18
崔各庄,6,8,52
崔各庄,7,16,58
崔各庄,8,32,60
崔各庄,9,17,34
崔各庄,10,16,16
崔各庄,11,5,14
崔各庄,12,12,18
崔各庄,13,13,14
崔各庄,14,4,8
崔各庄,15,14,15
崔各庄,16,21,13
崔各庄,17,34,28
崔各庄,18,61,20
崔各庄,19,66,15
崔各庄,20,34,9
崔各庄,21,32,12
崔各庄,22,16,1
崔各庄,23,3,0
巩华城,0,0,0
巩华城,1,0,0
巩华城,2,0,0
巩华城,3,0,0
巩华城,4,0,0
巩华城,5,0,1
巩华城,6,2,27
巩华城,7,4,42
巩华城,8,4,20
巩华城,9,4,13
巩华城,10,3,9
巩华城,11,0,3
巩华城,12,1,2
巩华城,13,4,2
巩华城,14,5,2
巩华城,15,5,4
巩华城,16,10,5
巩华城,17,13,3
巩华城,18,21,3
巩华城,19,21,1
巩华城,20,13,1
巩华城,21,8,0
巩华城,22,6,0
巩华城,23,3,0
巴沟,0,0,0
巴沟,1,0,0
巴沟,2,0,0
巴沟,3,0,0
巴沟,4,0,0
巴沟,5,0,4
巴沟,6,47,49
巴沟,7,196,217
巴沟,8,324,220
巴沟,9,150,109
巴沟,10,76,64
巴沟,11,96,67
巴沟,12,73,76
巴沟,13,68,67
巴沟,14,74,62
巴沟,15,76,71
巴沟,16,81,89
巴沟,17,152,155
巴沟,18,157,189
巴沟,19,131,122
巴沟,20,56,85
巴沟,21,51,79
巴沟,22,31,18
巴沟,23,8,1
常营,0,1,0
常营,1,0,0
常营,2,0,0
常营,3,0,0
常营,4,0,3
常营,5,0,38
常营,6,13,269
常营,7,84,486
常营,8,196,360
常营,9,133,237
常营,10,73,101
常营,11,86,71
常营,12,91,91
常营,13,76,80
常营,14,71,68
常营,15,97,72
常营,16,163,84
常营,17,266,133
常营,18,453,189
常营,19,398,118
常营,20,228,115
常营,21,145,93
常营,22,75,51
常营,23,32,2
平乐园,0,0,0
平乐园,1,0,0
平乐园,2,0,0
平乐园,3,0,0
平乐园,4,0,0
平乐园,5,2,8
平乐园,6,13,36
平乐园,7,49,113
平乐园,8,126,130
平乐园,9,78,86
平乐园,10,37,27
平乐园,11,27,29
平乐园,12,34,31
平乐园,13,28,46
平乐园,14,27,39
平乐园,15,37,29
平乐园,16,30,34
平乐园,17,73,82
平乐园,18,91,119
平乐园,19,84,46
平乐园,20,49,34
平乐园,21,37,20
平乐园,22,20,14
平乐园,23,1,0
平安里,0,0,0
平安里,1,0,0
平安里,2,0,0
平安里,3,0,0
平安里,4,0,0
平安里,5,5,10
平安里,6,66,34
平安里,7,321,145
平安里,8,216,137
平安里,9,105,78
平安里,10,53,56
平安里,11,54,60
平安里,12,53,62
平安里,13,67,59
平安里,14,55,77
平安里,15,79,99
平安里,16,94,109
平安里,17,111,216
平安里,18,146,146
平安里,19,62,85
平安里,20,59,77
平安里,21,39,63
平安里,22,26,27
平安里,23,4,2
平西府,0,0,0
平西府,1,0,0
平西府,2,0,0
平西府,3,0,0
平西府,4,0,0
平西府,5,0,20
平西府,6,11,85
平西府,7,48,310
平西府,8,37,298
平西府,9,8,98
平西府,10,17,36
平西府,11,10,13
平西府,12,17,23
平西府,13,11,23
平西府,14,23,17
平西府,15,29,14
平西府,16,38,25
平西府,17,67,52
平西府,18,169,30
平西府,19,186,9
平西府,20,103,9
平西府,21,94,8
平西府,22,74,3
平西府,23,17,0
广安门内,0,0,0
广安门内,1,0,0
广安门内,2,0,0
广安门内,3,0,0
广安门内,4,0,0
广安门内,5,4,3
广安门内,6,60,43
广安门内,7,355,149
广安门内,8,464,164
广安门内,9,195,120
广安门内,10,90,94
广安门内,11,85,103
广安门内,12,85,86
广安门内,13,100,94
广安门内,14,72,95
广安门内,15,73,107
广安门内,16,68,134
广安门内,17,166,267
广安门内,18,198,234
广安门内,19,110,100
广安门内,20,45,76
广安门内,21,29,31
广安门内,22,27,16
广安门内,23,3,2
广渠门内,0,0,0
广渠门内,1,0,0
广渠门内,2,0,0
广渠门内,3,0,0
广渠门内,4,0,0
广渠门内,5,1,7
广渠门内,6,50,53
广渠门内,7,125,165
广渠门内,8,266,124
广渠门内,9,110,93
广渠门内,10,42,33
广渠门内,11,44,43
广渠门内,12,44,40
广渠门内,13,55,43
广渠门内,14,62,42
广渠门内,15,52,59
广渠门内,16,62,71
广渠门内,17,114,189
广渠门内,18,144,173
广渠门内,19,80,87
广渠门内,20,43,58
广渠门内,21,42,38
广渠门内,22,20,16
广渠门内,23,2,1
广渠门外,0,0,1
广渠门外,1,0,0
广渠门外,2,0,0
广渠门外,3,0,0
广渠门外,4,0,0
广渠门外,5,0,9
广渠门外,6,33,62
广渠门外,7,105,156
广渠门外,8,145,126
广渠门外,9,98,85
广渠门外,10,45,43
广渠门外,11,34,42
广渠门外,12,31,24
广渠门外,13,28,30
广渠门外,14,38,38
广渠门外,15,35,42
广渠门外,16,57,73
广渠门外,17,109,131
广渠门外,18,134,118
广渠门外,19,76,53
广渠门外,20,44,37
广渠门外,21,42,20
广渠门外,22,21,11
广渠门外,23,4,1
广阳城,0,0,0
广阳城,1,0,0
广阳城,2,0,0
广阳城,3,0,0
广阳城,4,0,0
广阳城,5,1,21
广阳城,6,6,89
广阳城,7,11,155
广阳城,8,45,91
广阳城,9,15,21
广阳城,10,14,15
广阳城,11,11,13
广阳城,12,10,7
广阳城,13,7,12
广阳城,14,13,7
广阳城,15,12,9
广阳城,16,28,13
广阳城,17,38,35
广阳城,18,105,25
广阳城,19,89,14
广阳城,20,34,5
广阳城,21,33,6
广阳城,22,24,4
广阳城,23,8,1
廖公庄,0,0,0
廖公庄,1,0,0
廖公庄,2,0,0
廖公庄,3,0,0
廖公庄,4,0,0
廖公庄,5,2,8
廖公庄,6,6,43
廖公庄,7,16,78
廖公庄,8,28,91
廖公庄,9,11,24
廖公庄,10,10,15
廖公庄,11,6,12
廖公庄,12,10,15
廖公庄,13,8,14
廖公庄,14,9,10
廖公庄,15,14,6
廖公庄,16,21,11
廖公庄,17,37,28
廖公庄,18,50,23
廖公庄,19,50,10
廖公庄,20,27,4
廖公庄,21,13,3
廖公庄,22,27,1
廖公庄,23,5,0
建国门,0,0,1
建国门,1,0,0
建国门,2,0,0
建国门,3,0,0
建国门,4,0,0
建国门,5,7,4
建国门,6,54,23
建国门,7,281,100
建国门,8,787,100
建国门,9,491,86
建国门,10,158,83
建国门,11,67,107
建国门,12,80,87
建国门,13,100,61
建国门,14,81,85
建国门,15,52,132
建国门,16,68,132
建国门,17,87,441
建国门,18,102,456
建国门,19,54,203
建国门,20,28,110
建国门,21,20,79
建国门,22,17,33
建国门,23,7,2
张自忠路,0,0,0
张自忠路,1,0,0
张自忠路,2,0,0
张自忠路,3,0,0
张自忠路,4,0,0
张自忠路,5,2,7
张自忠路,6,35,29
张自忠路,7,148,82
张自忠路,8,103,71
张自忠路,9,106,40
张自忠路,10,45,38
张自忠路,11,17,36
张自忠路,12,32,43
张自忠路,13,35,21
张自忠路,14,39,34
张自忠路,15,35,64
张自忠路,16,42,73
张自忠路,17,48,143
张自忠路,18,50,76
张自忠路,19,52,51
张自忠路,20,21,45
张自忠路,21,18,33
张自忠路,22,19,9
张自忠路,23,4,1
张郭庄,0,0,0
张郭庄,1,0,0
张郭庄,2,0,0
张郭庄,3,0,0
张郭庄,4,0,0
张郭庄,5,0,31
张郭庄,6,5,137
张郭庄,7,19,287
张郭庄,8,34,138
张郭庄,9,13,52
张郭庄,10,20,25
张郭庄,11,18,17
张郭庄,12,18,16
张郭庄,13,19,20
张郭庄,14,24,14
张郭庄,15,23,17
张郭庄,16,42,24
张郭庄,17,66,23
张郭庄,18,155,14
张郭庄,19,127,8
张郭庄,20,47,8
张郭庄,21,31,6
张郭庄,22,16,0
张郭庄,23,0,0
德茂,0,0,0
德茂,1,0,0
德茂,2,0,0
德茂,3,0,0
德茂,4,0,0
德茂,5,0,5
德茂,6,2,22
德茂,7,12,39
德茂,8,10,26
德茂,9,5,19
德茂,10,3,4
德茂,11,8,4
德茂,12,6,4
德茂,13,6,6
德茂,14,9,8
德茂,15,9,6
德茂,16,16,8
德茂,17,21,11
德茂,18,19,10
德茂,19,20,5
德茂,20,17,8
德茂,21,12,8
德茂,22,6,1
德茂,23,1,0
惠新西街北口,0,0,0
惠新西街北口,1,0,0
惠新西街北口,2,0,0
惠新西街北口,3,0,0
惠新西街北口,4,0,0
惠新西街北口,5,3,10
惠新西街北口,6,59,79
惠新西街北口,7,294,207
惠新西街北口,8,499,186
惠新西街北口,9,300,126
惠新西街北口,10,106,74
惠新西街北口,11,72,63
惠新西街北口,12,84,73
惠新西街北口,13,70,72
惠新西街北口,14,81,65
惠新西街北口,15,69,84
惠新西街北口,16,85,162
惠新西街北口,17,139,368
惠新西街北口,18,170,355
惠新西街北口,19,126,154
惠新西街北口,20,72,107
惠新西街北口,21,58,86
惠新西街北口,22,45,46
惠新西街北口,23,12,1
惠新西街南口,0,0,0
惠新西街南口,1,0,0
惠新西街南口,2,0,0
惠新西街南口,3,0,0
惠新西街南口,4,0,0
惠新西街南口,5,2,9
惠新西街南口,6,70,65
惠新西街南口,7,237,198
惠新西街南口,8,267,265
惠新西街南口,9,183,134
惠新西街南口,10,80,58
惠新西街南口,11,52,63
惠新西街南口,12,46,68
惠新西街南口,13,68,67
惠新西街南口,14,44,69
惠新西街南口,15,55,71
惠新西街南口,16,69,123
惠新西街南口,17,151,233
惠新西街南口,18,194,180
惠新西街南口,19,114,112
惠新西街南口,20,82,71
惠新西街南口,21,60,52
惠新西街南口,22,41,28
惠新西街南口,23,15,4
慈寿寺,0,2,2
慈寿寺,1,0,0
慈寿寺,2,0,0
慈寿寺,3,0,0
慈寿寺,4,0,1
慈寿寺,5,3,7
慈寿寺,6,30,59
慈寿寺,7,95,205
慈寿寺,8,125,178
慈寿寺,9,59,61
慈寿寺,10,20,32
慈寿寺,11,25,35
慈寿寺,12,21,24
慈寿寺,13,27,32
慈寿寺,14,30,26
慈寿寺,15,43,21
慈寿寺,16,54,57
慈寿寺,17,96,131
慈寿寺,18,145,94
慈寿寺,19,77,50
慈寿寺,20,61,29
慈寿寺,21,45,17
慈寿寺,22,22,6
慈寿寺,23,7,0
成寿寺,0,0,0
成寿寺,1,0,0
成寿寺,2,0,0
成寿寺,3,0,0
成寿寺,4,0,0
成寿寺,5,2,17
成寿寺,6,16,117
成寿寺,7,83,377
成寿寺,8,99,361
成寿寺,9,44,149
成寿寺,10,34,71
成寿寺,11,35,43
成寿寺,12,40,46
成寿寺,13,40,38
成寿寺,14,44,41
成寿寺,15,56,45
成寿寺,16,50,49
成寿寺,17,132,112
成寿寺,18,248,84
成寿寺,19,203,25
成寿寺,20,144,23
成寿寺,21,85,16
成寿寺,22,75,6
成寿寺,23,21,1
房山城关,0,0,0
房山城关,1,0,0
房山城关,2,0,0
房山城关,3,0,0
房山城关,4,0,0
房山城关,5,0,12
房山城关,6,4,33
房山城关,7,9,42
房山城关,8,7,16
房山城关,9,4,4
房山城关,10,9,7
房山城关,11,5,4
房山城关,12,6,4
房山城关,13,6,7
房山城关,14,2,2
房山城关,15,5,11
房山城关,16,16,8
房山城关,17,14,10
房山城关,18,36,5
房山城关,19,14,5
房山城关,20,11,6
房山城关,21,9,0
房山城关,22,5,0
房山城关,23,0,0
新宫,0,0,0
新宫,1,0,0
新宫,2,0,0
新宫,3,0,0
新宫,4,0,0
新宫,5,2,33
新宫,6,21,321
新宫,7,84,526
新宫,8,115,499
新宫,9,70,195
新宫,10,74,96
新宫,11,61,86
新宫,12,64,63
新宫,13,66,74
新宫,14,66,53
新宫,15,99,66
新宫,16,136,79
新宫,17,237,100
新宫,18,436,117
新宫,19,341,50
新宫,20,197,44
新宫,21,163,28
新宫,22,97,17
新宫,23,18,1
新街口,0,0,0
新街口,1,0,0
新街口,2,0,0
新街口,3,0,0
新街口,4,0,0
新街口,5,0,9
新街口,6,33,22
新街口,7,150,94
新街口,8,207,110
新街口,9,89,52
新街口,10,58,42
新街口,11,37,51
新街口,12,42,43
新街口,13,69,53
新街口,14,46,46
新街口,15,42,60
新街口,16,59,80
新街口,17,98,171
新街口,18,87,109
新街口,19,50,63
新街口,20,32,44
新街口,21,26,32
新街口,22,15,8
新街口,23,4,1
方庄,0,0,0
方庄,1,0,0
方庄,2,0,0
方庄,3,0,0
方庄,4,0,0
方庄,5,0,9
方庄,6,23,55
方庄,7,76,187
方庄,8,155,218
方庄,9,59,114
方庄,10,37,49
方庄,11,37,41
方庄,12,38,41
方庄,13,35,40
方庄,14,38,32
方庄,15,44,37
方庄,16,70,66
方庄,17,82,117
方庄,18,159,65
方庄,19,120,42
方庄,20,83,24
方庄,21,49,16
方庄,22,42,9
方庄,23,1,0
旧宫,0,0,0
旧宫,1,0,0
旧宫,2,0,0
旧宫,3,0,0
旧宫,4,0,0
旧宫,5,0,10
旧宫,6,14,98
旧宫,7,33,256
旧宫,8,61,264
旧宫,9,48,98
旧宫,10,41,38
旧宫,11,34,37
旧宫,12,50,38
旧宫,13,36,40
旧宫,14,42,44
旧宫,15,38,28
旧宫,16,49,29
旧宫,17,127,52
旧宫,18,249,63
旧宫,19,169,28
旧宫,20,106,23
旧宫,21,58,15
旧宫,22,49,6
旧宫,23,6,0
昌平,0,0,0
昌平,1,0,0
昌平,2,0,0
昌平,3,0,0
昌平,4,0,0
昌平,5,0,30
昌平,6,20,213
昌平,7,73,358
昌平,8,80,210
昌平,9,58,93
昌平,10,46,54
昌平,11,39,48
昌平,12,43,40
昌平,13,55,43
昌平,14,46,42
昌平,15,53,54
昌平,16,78,56
昌平,17,114,79
昌平,18,234,65
昌平,19,208,43
昌平,20,152,27
昌平,21,112,29
昌平,22,60,18
昌平,23,25,1
昌平东关,0,0,0
昌平东关,1,0,0
昌平东关,2,0,0
昌平东关,3,0,0
昌平东关,4,0,0
昌平东关,5,0,11
昌平东关,6,14,72
昌平东关,7,48,126
昌平东关,8,59,87
昌平东关,9,31,38
昌平东关,10,23,20
昌平东关,11,27,23
昌平东关,12,18,20
昌平东关,13,34,22
昌平东关,14,22,22
昌平东关,15,27,16
昌平东关,16,42,44
昌平东关,17,59,56
昌平东关,18,110,30
昌平东关,19,103,13
昌平东关,20,72,16
昌平东关,21,39,16
昌平东关,22,32,3
昌平东关,23,13,1
昌平西山口,0,0,0
昌平西山口,1,0,0
昌平西山口,2,0,0
昌平西山口,3,0,0
昌平西山口,4,0,0
昌平西山口,5,0,4
昌平西山口,6,2,26
昌平西山口,7,15,55
昌平西山口,8,19,28
昌平西山口,9,12,11
昌平西山口,10,4,7
昌平西山口,11,6,6
昌平西山口,12,6,8
昌平西山口,13,6,9
昌平西山口,14,9,10
昌平西山口,15,10,15
昌平西山口,16,16,22
昌平西山口,17,15,15
昌平西山口,18,22,8
昌平西山口,19,23,6
昌平西山口,20,14,2
昌平西山口,21,15,2
昌平西山口,22,6,2
昌平西山口,23,5,0
星城,0,0,0
星城,1,0,0
星城,2,0,0
星城,3,0,0
星城,4,0,0
星城,5,0,10
星城,6,1,41
星城,7,9,58
星城,8,3,21
星城,9,4,10
星城,10,0,7
星城,11,5,5
星城,12,1,4
星城,13,3,5
星城,14,7,2
星城,15,8,4
星城,16,11,3
星城,17,27,4
星城,18,32,1
星城,19,26,2
星城,20,14,2
星城,21,14,3
星城,22,6,0
星城,23,0,0
景泰,0,0,0
景泰,1,0,0
景泰,2,0,0
景泰,3,0,0
景泰,4,0,0
景泰,5,1,6
景泰,6,21,44
景泰,7,61,154
景泰,8,36,128
景泰,9,25,57
景泰,10,12,35
景泰,11,13,14
景泰,12,16,28
景泰,13,18,27
景泰,14,15,25
景泰,15,22,24
景泰,16,40,33
景泰,17,58,53
景泰,18,99,48
景泰,19,93,13
景泰,20,39,10
景泰,21,41,10
景泰,22,38,9
景泰,23,2,0
望京,0,0,0
望京,1,0,0
望京,2,0,0
望京,3,0,0
望京,4,0,0
望京,5,0,7
望京,6,37,52
望京,7,130,183
望京,8,275,198
望京,9,291,108
望京,10,115,54
望京,11,63,48
望京,12,53,45
望京,13,60,51
望京,14,60,52
望京,15,53,59
望京,16,71,86
望京,17,150,169
望京,18,192,233
望京,19,145,159
望京,20,85,139
望京,21,69,117
望京,22,42,39
望京,23,13,6
望京东,0,0,0
望京东,1,0,0
望京东,2,0,0
望京东,3,0,0
望京东,4,0,0
望京东,5,0,2
望京东,6,30,23
望京东,7,160,31
望京东,8,685,33
望京东,9,904,25
望京东,10,268,33
望京东,11,58,30
望京东,12,46,43
望京东,13,62,43
望京东,14,39,48
望京东,15,36,41
望京东,16,26,95
望京东,17,35,251
望京东,18,50,483
望京东,19,45,385
望京东,20,15,302
望京东,21,12,193
望京东,22,9,51
望京东,23,2,6
望京南,0,0,0
望京南,1,0,0
望京南,2,0,0
望京南,3,0,0
望京南,4,0,0
望京南,5,0,10
望京南,6,22,50
望京南,7,142,103
望京南,8,391,116
望京南,9,398,76
望京南,10,126,38
望京南,11,69,46
望京南,12,58,51
望京南,13,58,59
望京南,14,40,64
望京南,15,45,62
望京南,16,49,82
望京南,17,80,241
望京南,18,116,311
望京南,19,77,190
望京南,20,76,141
望京南,21,30,110
望京南,22,37,37
望京南,23,3,0
望京西,0,0,0
望京西,1,0,0
望京西,2,0,0
望京西,3,0,0
望京西,4,0,0
望京西,5,1,1
望京西,6,36,56
望京西,7,139,260
望京西,8,333,302
望京西,9,272,128
望京西,10,77,57
望京西,11,63,52
望京西,12,45,48
望京西,13,41,44
望京西,14,48,37
望京西,15,64,42
望京西,16,68,58
望京西,17,152,128
望京西,18,224,212
望京西,19,99,130
望京西,20,58,113
望京西,21,31,92
望京西,22,16,26
望京西,23,7,1
朝阳公园,0,0,0
朝阳公园,1,0,0
朝阳公园,2,0,0
朝阳公园,3,0,0
朝阳公园,4,0,0
朝阳公园,5,0,19
朝阳公园,6,16,32
朝阳公园,7,101,84
朝阳公园,8,142,104
朝阳公园,9,135,68
朝阳公园,10,59,44
朝阳公园,11,37,46
朝阳公园,12,32,42
朝阳公园,13,54,25
朝阳公园,14,34,44
朝阳公园,15,49,56
朝阳公园,16,35,58
朝阳公园,17,58,115
朝阳公园,18,87,116
朝阳公园,19,70,63
朝阳公园,20,46,44
朝阳公园,21,34,33
朝阳公园,22,25,8
朝阳公园,23,1,0
朝阳门,0,0,0
朝阳门,1,0,0
朝阳门,2,0,0
朝阳门,3,0,0
朝阳门,4,0,0
朝阳门,5,3,15
朝阳门,6,104,49
朝阳门,7,708,182
朝阳门,8,1541,154
朝阳门,9,865,127
朝阳门,10,356,124
朝阳门,11,211,122
朝阳门,12,150,129
朝阳门,13,198,166
朝阳门,14,163,172
朝阳门,15,137,222
朝阳门,16,112,298
朝阳门,17,180,995
朝阳门,18,200,951
朝阳门,19,97,577
朝阳门,20,63,321
朝阳门,21,58,198
朝阳门,22,29,92
朝阳门,23,12,8
木樨园,0,0,0
木樨园,1,0,0
木樨园,2,0,0
木樨园,3,0,0
木樨园,4,0,0
木樨园,5,0,2
木樨园,6,3,8
木樨园,7,27,24
木樨园,8,43,26
木樨园,9,41,10
木樨园,10,41,14
木樨园,11,33,24
木樨园,12,25,24
木樨园,13,16,41
木樨园,14,27,51
木樨园,15,22,52
木樨园,16,15,55
木樨园,17,18,34
木樨园,18,25,38
木樨园,19,14,30
木樨园,20,9,13
木樨园,21,10,5
木樨园,22,6,2
木樨园,23,2,1
木樨地,0,0,0
木樨地,1,0,0
木樨地,2,0,0
木樨地,3,0,0
木樨地,4,0,0
木樨地,5,6,5
木樨地,6,55,34
木樨地,7,282,150
木樨地,8,312,146
木樨地,9,101,67
木樨地,10,47,42
木樨地,11,48,42
木樨地,12,51,40
木樨地,13,55,64
木樨地,14,57,55
木樨地,15,53,79
木樨地,16,57,131
木樨地,17,106,271
木樨地,18,115,206
木樨地,19,65,77
木樨地,20,33,45
木樨地,21,42,45
木樨地,22,21,12
木樨地,23,5,2
朱辛庄,0,0,0
朱辛庄,1,0,0
朱辛庄,2,0,0
朱辛庄,3,0,0
朱辛庄,4,0,3
朱辛庄,5,0,34
朱辛庄,6,49,233
朱辛庄,7,92,574
朱辛庄,8,98,363
朱辛庄,9,67,197
朱辛庄,10,52,46
朱辛庄,11,47,40
朱辛庄,12,44,52
朱辛庄,13,32,48
朱辛庄,14,34,50
朱辛庄,15,51,48
朱辛庄,16,58,70
朱辛庄,17,130,84
朱辛庄,18,311,61
朱辛庄,19,314,75
朱辛庄,20,188,39
朱辛庄,21,145,25
朱辛庄,22,98,16
朱辛庄,23,34,2
来广营,0,0,0
来广营,1,0,0
来广营,2,0,0
来广营,3,0,0
来广营,4,0,0
来广营,5,0,9
来广营,6,12,36
来广营,7,99,86
来广营,8,395,118
来广营,9,448,58
来广营,10,122,38
来广营,11,46,50
来广营,12,53,37
来广营,13,41,38
来广营,14,39,38
来广营,15,44,62
来广营,16,31,58
来广营,17,44,141
来广营,18,69,302
来广营,19,73,219
来广营,20,40,126
来广营,21,23,92
来广营,22,22,19
来广营,23,4,0
杨庄,0,0,0
杨庄,1,0,0
杨庄,2,0,0
杨庄,3,0,0
杨庄,4,0,0
杨庄,5,0,13
杨庄,6,6,86
杨庄,7,48,251
杨庄,8,104,206
杨庄,9,37,59
杨庄,10,25,25
杨庄,11,28,21
杨庄,12,30,36
杨庄,13,31,33
杨庄,14,35,25
杨庄,15,28,18
杨庄,16,48,36
杨庄,17,110,67
杨庄,18,193,59
杨庄,19,154,22
杨庄,20,76,19
杨庄,21,61,16
杨庄,22,29,4
杨庄,23,10,0
林萃桥,0,0,0
林萃桥,1,0,0
林萃桥,2,0,0
林萃桥,3,0,0
林萃桥,4,0,2
林萃桥,5,1,3
林萃桥,6,19,42
林萃桥,7,78,121
林萃桥,8,113,77
林萃桥,9,75,37
林萃桥,10,20,30
林萃桥,11,19,16
林萃桥,12,7,29
林萃桥,13,27,14
林萃桥,14,23,16
林萃桥,15,23,24
林萃桥,16,21,39
林萃桥,17,45,69
林萃桥,18,79,89
林萃桥,19,44,57
林萃桥,20,37,36
林萃桥,21,19,22
林萃桥,22,17,2
林萃桥,23,3,0
果园,0,0,0
果园,1,0,0
果园,2,0,0
果园,3,0,0
果园,4,0,0
果园,5,0,20
果园,6,4,131
果园,7,15,258
果园,8,19,282
果园,9,19,94
果园,10,18,43
果园,11,22,26
果园,12,13,25
果园,13,33,20
果园,14,25,22
果园,15,26,25
果园,16,39,16
果园,17,90,21
果园,18,202,26
果园,19,178,10
果园,20,124,10
果园,21,64,9
果园,22,44,5
果园,23,27,1
枣园,0,0,0
枣园,1,0,0
枣园,2,0,0
枣园,3,0,0
枣园,4,0,0
枣园,5,1,27
枣园,6,18,172
枣园,7,25,305
枣园,8,61,259
枣园,9,41,96
枣园,10,37,45
枣园,11,40,36
枣园,12,37,70
枣园,13,41,44
枣园,14,42,43
枣园,15,55,46
枣园,16,76,31
枣园,17,136,48
枣园,18,232,35
枣园,19,266,40
枣园,20,115,16
枣园,21,98,19
枣园,22,73,12
枣园,23,12,0
枣营,0,0,0
枣营,1,0,0
枣营,2,0,0
枣营,3,0,0
枣营,4,0,0
枣营,5,0,2
枣营,6,13,14
枣营,7,54,35
枣营,8,151,38
枣营,9,84,25
枣营,10,35,15
枣营,11,34,20
枣营,12,17,17
枣营,13,22,30
枣营,14,25,28
枣营,15,20,24
枣营,16,32,41
枣营,17,43,68
枣营,18,71,101
枣营,19,40,74
枣营,20,23,58
枣营,21,13,33
枣营,22,12,33
枣营,23,1,0
柳芳,0,0,0
柳芳,1,0,0
柳芳,2,0,0
柳芳,3,0,0
柳芳,4,0,0
柳芳,5,1,4
柳芳,6,25,35
柳芳,7,142,103
柳芳,8,320,100
柳芳,9,162,65
柳芳,10,68,28
柳芳,11,25,38
柳芳,12,31,31
柳芳,13,37,36
柳芳,14,26,35
柳芳,15,22,51
柳芳,16,35,64
柳芳,17,67,198
柳芳,18,82,186
柳芳,19,42,89
柳芳,20,35,73
柳芳,21,30,43
柳芳,22,19,22
柳芳,23,5,1
栗园庄,0,0,0
栗园庄,1,0,0
栗园庄,2,0,0
栗园庄,3,0,0
栗园庄,4,0,0
栗园庄,5,0,3
栗园庄,6,0,11
栗园庄,7,4,17
栗园庄,8,6,14
栗园庄,9,3,8
栗园庄,10,3,3
栗园庄,11,2,2
栗园庄,12,3,8
栗园庄,13,7,3
栗园庄,14,7,6
栗园庄,15,1,6
栗园庄,16,3,3
栗园庄,17,11,6
栗园庄,18,18,3
栗园庄,19,9,5
栗园庄,20,4,1
栗园庄,21,7,1
栗园庄,22,5,2
栗园庄,23,2,0
桥户营,0,0,0
桥户营,1,0,0
桥户营,2,0,0
桥户营,3,0,0
桥户营,4,0,0
桥户营,5,1,2
桥户营,6,1,13
桥户营,7,4,50
桥户营,8,1,30
桥户营,9,3,6
桥户营,10,2,4
桥户营,11,1,5
桥户营,12,2,2
桥户营,13,1,3
桥户营,14,1,4
桥户营,15,1,2
桥户营,16,5,1
桥户营,17,12,1
桥户营,18,30,1
桥户营,19,24,6
桥户营,20,11,1
桥户营,21,14,0
桥户营,22,9,2
桥户营,23,2,0
桥湾,0,0,0
桥湾,1,0,0
桥湾,2,0,0
桥湾,3,0,0
桥湾,4,0,0
桥湾,5,0,6
桥湾,6,23,22
桥湾,7,90,42
桥湾,8,130,36
桥湾,9,54,26
桥湾,10,30,31
桥湾,11,26,30
桥湾,12,19,22
桥湾,13,20,21
桥湾,14,18,27
桥湾,15,23,21
桥湾,16,21,38
桥湾,17,40,81
桥湾,18,44,97
桥湾,19,25,14
桥湾,20,17,32
桥湾,21,14,14
桥湾,22,10,3
桥湾,23,2,1
梨园,0,0,0
梨园,1,0,0
梨园,2,0,0
梨园,3,0,0
梨园,4,0,0
梨园,5,0,53
梨园,6,8,220
梨园,7,34,402
梨园,8,48,286
梨园,9,34,139
梨园,10,35,46
梨园,11,29,51
梨园,12,41,50
梨园,13,42,38
梨园,14,56,31
梨园,15,53,38
梨园,16,64,33
梨园,17,122,35
梨园,18,288,47
梨园,19,297,20
梨园,20,163,17
梨园,21,89,12
梨园,22,80,1
梨园,23,34,0
森林公园南门,0,0,0
森林公园南门,1,0,0
森林公园南门,2,0,0
森林公园南门,3,0,0
森林公园南门,4,0,0
森林公园南门,5,0,1
森林公园南门,6,45,15
森林公园南门,7,47,16
森林公园南门,8,54,26
森林公园南门,9,49,9
森林公园南门,10,26,14
森林公园南门,11,8,15
森林公园南门,12,6,20
森林公园南门,13,12,12
森林公园南门,14,15,14
森林公园南门,15,14,11
森林公园南门,16,22,23
森林公园南门,17,21,61
森林公园南门,18,47,63
森林公园南门,19,46,39
森林公园南门,20,44,37
森林公园南门,21,9,99
森林公园南门,22,2,7
森林公园南门,23,0,0
植物园,0,0,0
植物园,1,0,0
植物园,2,0,0
植物园,3,0,0
植物园,4,0,0
植物园,5,0,0
植物园,6,2,3
植物园,7,4,15
植物园,8,10,10
植物园,9,4,6
植物园,10,14,4
植物园,11,10,6
植物园,12,7,8
植物园,13,9,12
植物园,14,4,10
植物园,15,3,12
植物园,16,4,10
植物园,17,4,14
植物园,18,7,4
植物园,19,7,3
植物园,20,2,1
植物园,21,6,1
植物园,22,7,3
植物园,23,0,0
次渠,0,0,0
次渠,1,0,0
次渠,2,0,0
次渠,3,0,0
次渠,4,0,0
次渠,5,0,5
次渠,6,6,39
次渠,7,9,86
次渠,8,12,64
次渠,9,15,21
次渠,10,9,8
次渠,11,6,9
次渠,12,9,8
次渠,13,8,6
次渠,14,7,9
次渠,15,10,6
次渠,16,14,4
次渠,17,43,13
次渠,18,56,11
次渠,19,40,1
次渠,20,23,2
次渠,21,16,4
次渠,22,5,0
次渠,23,2,0
次渠南,0,0,0
次渠南,1,0,0
次渠南,2,0,0
次渠南,3,0,0
次渠南,4,0,0
次渠南,5,0,10
次渠南,6,5,60
次渠南,7,22,131
次渠南,8,53,118
次渠南,9,14,37
次渠南,10,9,6
次渠南,11,4,18
次渠南,12,8,5
次渠南,13,12,11
次渠南,14,15,4
次渠南,15,15,8
次渠南,16,18,8
次渠南,17,47,26
次渠南,18,68,35
次渠南,19,77,11
次渠南,20,39,6
次渠南,21,31,4
次渠南,22,21,2
次渠南,23,8,0
欢乐谷景区,0,0,0
欢乐谷景区,1,0,0
欢乐谷景区,2,0,0
欢乐谷景区,3,0,0
欢乐谷景区,4,0,0
欢乐谷景区,5,0,11
欢乐谷景区,6,9,69
欢乐谷景区,7,26,115
欢乐谷景区,8,34,130
欢乐谷景区,9,35,52
欢乐谷景区,10,37,25
欢乐谷景区,11,18,9
欢乐谷景区,12,21,30
欢乐谷景区,13,21,14
欢乐谷景区,14,18,23
欢乐谷景区,15,16,32
欢乐谷景区,16,40,32
欢乐谷景区,17,81,34
欢乐谷景区,18,144,28
欢乐谷景区,19,67,22
欢乐谷景区,20,49,29
欢乐谷景区,21,30,7
欢乐谷景区,22,20,4
欢乐谷景区,23,6,0
永丰,0,0,0
永丰,1,0,0
永丰,2,0,0
永丰,3,0,0
永丰,4,0,0
永丰,5,0,19
永丰,6,4,47
永丰,7,52,125
永丰,8,126,94
永丰,9,70,43
永丰,10,14,17
永丰,11,21,22
永丰,12,15,29
永丰,13,24,18
永丰,14,23,16
永丰,15,21,21
永丰,16,18,33
永丰,17,54,88
永丰,18,73,82
永丰,19,82,35
永丰,20,48,34
永丰,21,24,9
永丰,22,22,4
永丰,23,4,0
永丰南,0,0,0
永丰南,1,0,0
永丰南,2,0,0
永丰南,3,0,0
永丰南,4,0,0
永丰南,5,1,7
永丰南,6,8,34
永丰南,7,39,93
永丰南,8,71,78
永丰南,9,51,39
永丰南,10,14,9
永丰南,11,13,13
永丰南,12,12,15
永丰南,13,9,16
永丰南,14,7,13
永丰南,15,11,14
永丰南,16,17,28
永丰南,17,30,46
永丰南,18,68,44
永丰南,19,66,20
永丰南,20,39,13
永丰南,21,23,4
永丰南,22,19,4
永丰南,23,2,0
永安里,0,0,1
永安里,1,0,0
永安里,2,0,0
永安里,3,0,0
永安里,4,0,0
永安里,5,3,10
永安里,6,75,13
永安里,7,205,56
永安里,8,780,67
永安里,9,478,67
永安里,10,135,60
永安里,11,72,79
永安里,12,78,67
永安里,13,70,84
永安里,14,82,80
永安里,15,60,99
永安里,16,45,113
永安里,17,94,411
永安里,18,84,492
永安里,19,54,233
永安里,20,37,155
永安里,21,20,104
永安里,22,16,37
永安里,23,3,4
永定门外,0,0,0
永定门外,1,0,0
永定门外,2,0,0
永定门外,3,0,0
永定门外,4,0,0
永定门外,5,1,8
永定门外,6,7,37
永定门外,7,53,126
永定门外,8,84,115
永定门外,9,57,61
永定门外,10,33,36
永定门外,11,38,28
永定门外,12,26,34
永定门外,13,32,33
永定门外,14,13,39
永定门外,15,32,42
永定门外,16,29,60
永定门外,17,55,74
永定门外,18,113,55
永定门外,19,56,32
永定门外,20,44,13
永定门外,21,25,8
永定门外,22,24,3
永定门外,23,2,0
永泰庄,0,0,0
永泰庄,1,0,0
永泰庄,2,0,0
永泰庄,3,0,0
永泰庄,4,0,1
永泰庄,5,0,22
永泰庄,6,19,102
永泰庄,7,103,314
永泰庄,8,207,239
永泰庄,9,107,137
永泰庄,10,48,52
永泰庄,11,44,37
永泰庄,12,44,41
永泰庄,13,53,39
永泰庄,14,45,37
永泰庄,15,30,42
永泰庄,16,62,64
永泰庄,17,105,107
永泰庄,18,222,132
永泰庄,19,199,73
永泰庄,20,102,52
永泰庄,21,118,36
永泰庄,22,54,10
永泰庄,23,13,0
沙河,0,0,0
沙河,1,0,0
沙河,2,0,0
沙河,3,0,0
沙河,4,0,1
沙河,5,0,29
沙河,6,20,512
沙河,7,75,624
沙河,8,78,400
沙河,9,52,280
沙河,10,33,92
沙河,11,27,69
沙河,12,41,66
沙河,13,46,67
沙河,14,60,37
沙河,15,62,41
沙河,16,96,49
沙河,17,213,73
沙河,18,478,71
沙河,19,598,33
沙河,20,344,34
沙河,21,289,31
沙河,22,155,9
沙河,23,63,2
沙河高教园,0,0,0
沙河高教园,1,0,0
沙河高教园,2,0,0
沙河高教园,3,0,0
沙河高教园,4,0,0
沙河高教园,5,1,10
沙河高教园,6,7,149
沙河高教园,7,28,381
沙河高教园,8,46,272
沙河高教园,9,20,99
沙河高教园,10,5,33
沙河高教园,11,16,24
沙河高教园,12,15,31
沙河高教园,13,24,30
沙河高教园,14,14,15
沙河高教园,15,24,25
沙河高教园,16,38,15
沙河高教园,17,69,27
沙河高教园,18,204,28
沙河高教园,19,182,13
沙河高教园,20,152,8
沙河高教园,21,85,7
沙河高教园,22,66,4
沙河高教园,23,12,0
泥洼,0,0,0
泥洼,1,0,0
泥洼,2,0,0
泥洼,3,0,0
泥洼,4,0,0
泥洼,5,1,5
泥洼,6,19,74
泥洼,7,32,184
泥洼,8,89,154
泥洼,9,53,55
泥洼,10,29,26
泥洼,11,19,18
泥洼,12,20,27
泥洼,13,28,27
泥洼,14,26,19
泥洼,15,30,25
泥洼,16,53,37
泥洼,17,91,47
泥洼,18,124,64
泥洼,19,97,27
泥洼,20,61,22
泥洼,21,39,19
泥洼,22,25,6
泥洼,23,3,1
海户屯,0,0,0
海户屯,1,0,0
海户屯,2,0,0
海户屯,3,0,0
海户屯,4,0,0
海户屯,5,0,0
海户屯,6,12,6
海户屯,7,22,29
海户屯,8,37,37
海户屯,9,18,21
海户屯,10,18,11
海户屯,11,12,7
海户屯,12,7,12
海户屯,13,11,17
海户屯,14,15,17
海户屯,15,8,19
海户屯,16,18,30
海户屯,17,15,41
海户屯,18,18,15
海户屯,19,24,13
海户屯,20,9,2
海户屯,21,9,6
海户屯,22,9,1
海户屯,23,1,0
海淀五路居,0,0,0
海淀五路居,1,0,0
海淀五路居,2,0,0
海淀五路居,3,0,0
海淀五路居,4,0,0
海淀五路居,5,6,13
海淀五路居,6,37,87
海淀五路居,7,184,307
海淀五路居,8,452,312
海淀五路居,9,195,126
海淀五路居,10,67,94
海淀五路居,11,58,59
海淀五路居,12,63,68
海淀五路居,13,63,64
海淀五路居,14,73,72
海淀五路居,15,57,91
海淀五路居,16,83,111
海淀五路居,17,135,261
海淀五路居,18,237,242
海淀五路居,19,180,116
海淀五路居,20,97,60
海淀五路居,21,77,33
海淀五路居,22,88,18
海淀五路居,23,14,1
海淀黄庄,0,0,0
海淀黄庄,1,0,0
海淀黄庄,2,0,0
海淀黄庄,3,0,0
海淀黄庄,4,0,1
海淀黄庄,5,3,5
海淀黄庄,6,67,40
海淀黄庄,7,402,124
海淀黄庄,8,799,119
海淀黄庄,9,518,86
海淀黄庄,10,222,67
海淀黄庄,11,148,97
海淀黄庄,12,154,110
海淀黄庄,13,156,147
海淀黄庄,14,122,119
海淀黄庄,15,119,168
海淀黄庄,16,145,289
海淀黄庄,17,195,522
海淀黄庄,18,259,612
海淀黄庄,19,118,379
海淀黄庄,20,60,340
海淀黄庄,21,38,263
海淀黄庄,22,20,109
海淀黄庄,23,10,2
清华东路西口,0,0,0
清华东路西口,1,0,0
清华东路西口,2,0,0
清华东路西口,3,0,0
清华东路西口,4,0,0
清华东路西口,5,0,4
清华东路西口,6,13,16
清华东路西口,7,72,49
清华东路西口,8,209,66
清华东路西口,9,109,46
清华东路西口,10,36,12
清华东路西口,11,21,12
清华东路西口,12,20,22
清华东路西口,13,21,28
清华东路西口,14,21,25
清华东路西口,15,14,22
清华东路西口,16,21,31
清华东路西口,17,22,131
清华东路西口,18,57,159
清华东路西口,19,36,91
清华东路西口,20,26,51
清华东路西口,21,24,38
清华东路西口,22,16,15
清华东路西口,23,1,2
清源路,0,0,0
清源路,1,0,0
清源路,2,0,0
清源路,3,0,0
清源路,4,0,0
清源路,5,0,31
清源路,6,15,159
清源路,7,66,266
清源路,8,73,158
清源路,9,49,79
清源路,10,44,51
清源路,11,32,40
清源路,12,45,54
清源路,13,50,46
清源路,14,46,43
清源路,15,38,39
清源路,16,63,61
清源路,17,92,98
清源路,18,145,50
清源路,19,170,27
清源路,20,89,24
清源路,21,64,16
清源路,22,46,3
清源路,23,4,0
温阳路,0,0,0
温阳路,1,0,0
温阳路,2,0,0
温阳路,3,0,0
温阳路,4,0,0
温阳路,5,0,21
温阳路,6,4,95
温阳路,7,30,183
温阳路,8,79,110
温阳路,9,18,34
温阳路,10,18,12
温阳路,11,14,19
温阳路,12,16,27
温阳路,13,18,23
温阳路,14,18,9
温阳路,15,26,20
温阳路,16,35,19
温阳路,17,54,39
温阳路,18,108,46
温阳路,19,101,18
温阳路,20,51,11
温阳路,21,33,5
温阳路,22,27,5
温阳路,23,5,0
湾子,0,0,0
湾子,1,0,0
湾子,2,0,0
湾子,3,0,0
湾子,4,0,0
湾子,5,3,14
湾子,6,16,78
湾子,7,107,224
湾子,8,193,190
湾子,9,85,83
湾子,10,52,34
湾子,11,40,39
湾子,12,38,35
湾子,13,33,45
湾子,14,54,40
湾子,15,55,53
湾子,16,71,99
湾子,17,94,193
湾子,18,164,135
湾子,19,99,66
湾子,20,55,32
湾子,21,58,38
湾子,22,44,17
湾子,23,3,1
潘家园,0,0,0
潘家园,1,0,0
潘家园,2,0,0
潘家园,3,0,0
潘家园,4,0,0
潘家园,5,4,8
潘家园,6,23,99
潘家园,7,132,332
潘家园,8,198,290
潘家园,9,136,180
潘家园,10,100,95
潘家园,11,93,90
潘家园,12,85,86
潘家园,13,84,90
潘家园,14,77,84
潘家园,15,76,111
潘家园,16,84,111
潘家园,17,130,176
潘家园,18,254,118
潘家园,19,149,47
潘家园,20,91,36
潘家园,21,79,31
潘家园,22,40,15
潘家园,23,8,1
潞城,0,0,0
潞城,1,0,0
潞城,2,0,0
潞城,3,0,0
潞城,4,0,0
潞城,5,0,26
潞城,6,13,265
潞城,7,31,343
潞城,8,43,284
潞城,9,32,87
潞城,10,17,44
潞城,11,27,31
潞城,12,26,29
潞城,13,28,27
潞城,14,35,17
潞城,15,29,28
潞城,16,62,34
潞城,17,121,42
潞城,18,217,27
潞城,19,241,13
潞城,20,91,8
潞城,21,81,5
潞城,22,46,4
潞城,23,27,0
瀛海,0,0,0
瀛海,1,0,0
瀛海,2,0,0
瀛海,3,0,0
瀛海,4,0,0
瀛海,5,0,14
瀛海,6,7,47
瀛海,7,25,110
瀛海,8,17,73
瀛海,9,14,38
瀛海,10,13,19
瀛海,11,12,14
瀛海,12,7,10
瀛海,13,20,10
瀛海,14,11,9
瀛海,15,27,9
瀛海,16,30,16
瀛海,17,45,23
瀛海,18,65,14
瀛海,19,58,14
瀛海,20,38,8
瀛海,21,32,1
瀛海,22,10,1
瀛海,23,8,0
火器营,0,0,0
火器营,1,0,0
火器营,2,0,0
火器营,3,0,0
火器营,4,0,0
火器营,5,0,8
火器营,6,14,37
火器营,7,51,133
火器营,8,71,110
火器营,9,35,45
火器营,10,7,16
火器营,11,13,15
火器营,12,10,22
火器营,13,20,21
火器营,14,12,12
火器营,15,21,15
火器营,16,36,31
火器营,17,63,87
火器营,18,90,63
火器营,19,47,26
火器营,20,18,11
火器营,21,23,10
火器营,22,20,3
火器营,23,5,0
火箭万源,0,0,0
火箭万源,1,0,0
火箭万源,2,0,0
火箭万源,3,0,0
火箭万源,4,0,0
火箭万源,5,1,3
火箭万源,6,2,26
火箭万源,7,24,45
火箭万源,8,47,28
火箭万源,9,19,18
火箭万源,10,9,13
火箭万源,11,9,4
火箭万源,12,10,12
火箭万源,13,2,6
火箭万源,14,12,8
火箭万源,15,8,9
火箭万源,16,18,18
火箭万源,17,21,33
火箭万源,18,42,24
火箭万源,19,25,11
火箭万源,20,19,6
火箭万源,21,9,5
火箭万源,22,5,3
火箭万源,23,2,0
灯市口,0,0,0
灯市口,1,0,0
灯市口,2,0,0
灯市口,3,0,0
灯市口,4,0,0
灯市口,5,5,2
灯市口,6,135,24
灯市口,7,336,62
灯市口,8,496,63
灯市口,9,262,70
灯市口,10,122,67
灯市口,11,81,81
灯市口,12,80,64
灯市口,13,97,64
灯市口,14,60,80
灯市口,15,66,99
灯市口,16,67,187
灯市口,17,80,340
灯市口,18,90,282
灯市口,19,51,138
灯市口,20,28,118
灯市口,21,16,86
灯市口,22,15,58
灯市口,23,1,4
灵镜胡同,0,0,0
灵镜胡同,1,0,0
灵镜胡同,2,0,0
灵镜胡同,3,0,0
灵镜胡同,4,0,0
灵镜胡同,5,1,6
灵镜胡同,6,42,22
灵镜胡同,7,273,76
灵镜胡同,8,448,64
灵镜胡同,9,127,50
灵镜胡同,10,80,29
灵镜胡同,11,65,48
灵镜胡同,12,77,55
灵镜胡同,13,58,40
灵镜胡同,14,48,59
灵镜胡同,15,42,76
灵镜胡同,16,52,105
灵镜胡同,17,73,272
灵镜胡同,18,74,261
灵镜胡同,19,44,129
灵镜胡同,20,29,92
灵镜胡同,21,24,84
灵镜胡同,22,23,40
灵镜胡同,23,0,0
焦化厂,0,0,0
焦化厂,1,0,0
焦化厂,2,0,0
焦化厂,3,0,0
焦化厂,4,2,4
焦化厂,5,0,7
焦化厂,6,5,27
焦化厂,7,21,73
焦化厂,8,16,50
焦化厂,9,13,25
焦化厂,10,7,15
焦化厂,11,13,8
焦化厂,12,9,15
焦化厂,13,6,11
焦化厂,14,8,10
焦化厂,15,15,17
焦化厂,16,19,11
焦化厂,17,30,25
焦化厂,18,43,12
焦化厂,19,47,5
焦化厂,20,26,5
焦化厂,21,15,3
焦化厂,22,16,2
焦化厂,23,9,0
燕山,0,0,0
燕山,1,0,0
燕山,2,0,0
燕山,3,0,0
燕山,4,0,0
燕山,5,0,12
燕山,6,2,21
燕山,7,18,35
燕山,8,7,25
燕山,9,11,4
燕山,10,6,8
燕山,11,4,3
燕山,12,3,4
燕山,13,8,5
燕山,14,9,0
燕山,15,7,3
燕山,16,5,8
燕山,17,10,14
燕山,18,24,5
燕山,19,18,0
燕山,20,22,2
燕山,21,9,3
燕山,22,5,0
燕山,23,0,0
牡丹园,0,0,0
牡丹园,1,0,0
牡丹园,2,0,0
牡丹园,3,0,0
牡丹园,4,0,1
牡丹园,5,0,6
牡丹园,6,45,75
牡丹园,7,263,252
牡丹园,8,452,244
牡丹园,9,258,150
牡丹园,10,93,59
牡丹园,11,74,57
牡丹园,12,67,74
牡丹园,13,71,66
牡丹园,14,58,68
牡丹园,15,60,90
牡丹园,16,83,137
牡丹园,17,190,274
牡丹园,18,271,272
牡丹园,19,136,165
牡丹园,20,91,101
牡丹园,21,88,94
牡丹园,22,45,21
牡丹园,23,7,0
物资学院路,0,0,0
物资学院路,1,0,0
物资学院路,2,0,0
物资学院路,3,0,0
物资学院路,4,0,1
物资学院路,5,0,22
物资学院路,6,9,258
物资学院路,7,66,544
物资学院路,8,79,527
物资学院路,9,56,284
物资学院路,10,40,91
物资学院路,11,44,74
物资学院路,12,56,79
物资学院路,13,52,59
物资学院路,14,50,41
物资学院路,15,59,46
物资学院路,16,101,66
物资学院路,17,220,86
物资学院路,18,357,59
物资学院路,19,428,49
物资学院路,20,235,28
物资学院路,21,191,11
物资学院路,22,126,8
物资学院路,23,27,1
玉泉路,0,0,0
玉泉路,1,0,0
玉泉路,2,0,0
玉泉路,3,0,0
玉泉路,4,0,1
玉泉路,5,1,27
玉泉路,6,31,167
玉泉路,7,135,482
玉泉路,8,176,363
玉泉路,9,88,131
玉泉路,10,63,74
玉泉路,11,55,59
玉泉路,12,56,53
玉泉路,13,67,52
玉泉路,14,64,53
玉泉路,15,78,58
玉泉路,16,133,62
玉泉路,17,221,151
玉泉路,18,394,125
玉泉路,19,218,61
玉泉路,20,139,52
玉泉路,21,109,35
玉泉路,22,51,8
玉泉路,23,12,2
王府井,0,0,0
王府井,1,0,0
王府井,2,0,0
王府井,3,0,0
王府井,4,0,0
王府井,5,4,3
王府井,6,50,15
王府井,7,208,18
王府井,8,327,45
王府井,9,250,34
王府井,10,153,37
王府井,11,130,74
王府井,12,101,69
王府井,13,105,124
王府井,14,102,133
王府井,15,83,142
王府井,16,69,160
王府井,17,124,296
王府井,18,102,275
王府井,19,92,149
王府井,20,42,161
王府井,21,21,151
王府井,22,11,122
王府井,23,2,3
珠市口,0,0,0
珠市口,1,0,0
珠市口,2,0,0
珠市口,3,0,0
珠市口,4,0,0
珠市口,5,0,3
珠市口,6,33,20
珠市口,7,90,35
珠市口,8,120,27
珠市口,9,51,34
珠市口,10,43,34
珠市口,11,35,28
珠市口,12,29,35
珠市口,13,35,38
珠市口,14,32,32
珠市口,15,24,40
珠市口,16,28,60
珠市口,17,29,89
珠市口,18,41,60
珠市口,19,33,31
珠市口,20,29,27
珠市口,21,8,28
珠市口,22,11,11
珠市口,23,2,0
生命科学园,0,0,0
生命科学园,1,0,0
生命科学园,2,0,0
生命科学园,3,0,0
生命科学园,4,0,0
生命科学园,5,1,18
生命科学园,6,38,111
生命科学园,7,158,314
生命科学园,8,290,281
生命科学园,9,109,154
生命科学园,10,38,51
生命科学园,11,32,57
生命科学园,12,50,58
生命科学园,13,42,49
生命科学园,14,33,39
生命科学园,15,45,31
生命科学园,16,65,41
生命科学园,17,90,145
生命科学园,18,249,206
生命科学园,19,291,125
生命科学园,20,170,88
生命科学园,21,140,64
生命科学园,22,74,24
生命科学园,23,28,3
生物医药基地,0,0,0
生物医药基地,1,0,0
生物医药基地,2,0,0
生物医药基地,3,0,0
生物医药基地,4,0,0
生物医药基地,5,0,31
生物医药基地,6,10,111
生物医药基地,7,54,240
生物医药基地,8,91,124
生物医药基地,9,50,42
生物医药基地,10,41,31
生物医药基地,11,38,24
生物医药基地,12,34,49
生物医药基地,13,51,37
生物医药基地,14,49,29
生物医药基地,15,47,31
生物医药基地,16,50,42
生物医药基地,17,117,78
生物医药基地,18,203,55
生物医药基地,19,163,36
生物医药基地,20,98,36
生物医药基地,21,86,18
生物医药基地,22,37,14
生物医药基地,23,12,0
田村,0,0,0
田村,1,0,0
田村,2,0,0
田村,3,0,0
田村,4,0,0
田村,5,0,21
田村,6,4,95
田村,7,42,271
田村,8,46,231
田村,9,30,80
田村,10,19,25
田村,11,28,31
田村,12,33,22
田村,13,20,29
田村,14,22,21
田村,15,37,23
田村,16,54,22
田村,17,154,52
田村,18,188,38
田村,19,121,18
田村,20,84,16
田村,21,57,15
田村,22,38,3
田村,23,5,0
白堆子,0,0,0
白堆子,1,0,0
白堆子,2,0,0
白堆子,3,0,0
白堆子,4,0,0
白堆子,5,1,1
白堆子,6,41,36
白堆子,7,202,110
白堆子,8,265,101
白堆子,9,141,68
白堆子,10,40,57
白堆子,11,44,65
白堆子,12,38,40
白堆子,13,37,32
白堆子,14,46,35
白堆子,15,41,61
白堆子,16,49,78
白堆子,17,80,239
白堆子,18,88,157
白堆子,19,58,61
白堆子,20,42,43
白堆子,21,31,29
白堆子,22,21,8
白堆子,23,0,0
白石桥南,0,0,0
白石桥南,1,0,0
白石桥南,2,0,0
白石桥南,3,0,0
白石桥南,4,0,0
白石桥南,5,3,4
白石桥南,6,39,46
白石桥南,7,270,197
白石桥南,8,663,156
白石桥南,9,296,90
白石桥南,10,73,51
白石桥南,11,73,74
白石桥南,12,43,56
白石桥南,13,64,62
白石桥南,14,66,68
白石桥南,15,50,84
白石桥南,16,74,129
白石桥南,17,115,410
白石桥南,18,152,374
白石桥南,19,90,138
白石桥南,20,54,92
白石桥南,21,46,40
白石桥南,22,23,20
白石桥南,23,7,5
百子湾,0,0,0
百子湾,1,0,0
百子湾,2,0,0
百子湾,3,0,0
百子湾,4,0,0
百子湾,5,0,15
百子湾,6,26,103
百子湾,7,80,230
百子湾,8,295,146
百子湾,9,199,76
百子湾,10,80,50
百子湾,11,48,40
百子湾,12,33,52
百子湾,13,49,36
百子湾,14,46,47
百子湾,15,35,53
百子湾,16,65,63
百子湾,17,105,151
百子湾,18,192,203
百子湾,19,142,106
百子湾,20,86,68
百子湾,21,61,40
百子湾,22,48,10
百子湾,23,9,0
知春路,0,0,0
知春路,1,0,0
知春路,2,0,0
知春路,3,0,0
知春路,4,0,2
知春路,5,2,10
知春路,6,36,47
知春路,7,213,159
知春路,8,543,182
知春路,9,417,88
知春路,10,192,55
知春路,11,65,52
知春路,12,66,65
知春路,13,76,63
知春路,14,60,53
知春路,15,61,71
知春路,16,65,126
知春路,17,101,354
知春路,18,143,376
知春路,19,91,246
知春路,20,72,176
知春路,21,63,136
知春路,22,37,46
知春路,23,13,3
知春里,0,0,0
知春里,1,0,0
知春里,2,0,0
知春里,3,0,0
知春里,4,0,0
知春里,5,0,7
知春里,6,38,32
知春里,7,146,94
知春里,8,341,95
知春里,9,303,54
知春里,10,95,20
知春里,11,44,35
知春里,12,30,27
知春里,13,42,33
知春里,14,22,34
知春里,15,40,42
知春里,16,31,80
知春里,17,47,239
知春里,18,74,235
知春里,19,59,150
知春里,20,33,111
知春里,21,22,66
知春里,22,14,28
知春里,23,6,1
石厂,0,0,0
石厂,1,0,0
石厂,2,0,0
石厂,3,0,0
石厂,4,0,0
石厂,5,0,7
石厂,6,0,40
石厂,7,5,59
石厂,8,7,24
石厂,9,7,11
石厂,10,10,8
石厂,11,13,4
石厂,12,3,15
石厂,13,7,7
石厂,14,5,5
石厂,15,7,12
石厂,16,19,11
石厂,17,11,5
石厂,18,55,4
石厂,19,41,2
石厂,20,19,4
石厂,21,16,3
石厂,22,14,0
石厂,23,4,1
石榴庄,0,1,1
石榴庄,1,0,0
石榴庄,2,0,0
石榴庄,3,0,0
石榴庄,4,0,0
石榴庄,5,4,27
石榴庄,6,16,114
石榴庄,7,38,296
石榴庄,8,41,284
石榴庄,9,42,132
石榴庄,10,36,50
石榴庄,11,27,34
石榴庄,12,35,38
石榴庄,13,32,41
石榴庄,14,32,30
石榴庄,15,48,22
石榴庄,16,60,47
石榴庄,17,131,49
石榴庄,18,237,50
石榴庄,19,156,21
石榴庄,20,100,23
石榴庄,21,85,27
石榴庄,22,64,10
石榴庄,23,9,0
石门,0,0,0
石门,1,0,0
石门,2,0,0
石门,3,0,0
石门,4,0,0
石门,5,0,39
石门,6,7,141
石门,7,27,293
石门,8,36,229
石门,9,26,94
石门,10,23,34
石门,11,29,35
石门,12,33,34
石门,13,34,28
石门,14,28,25
石门,15,38,20
石门,16,55,27
石门,17,111,24
石门,18,210,29
石门,19,200,18
石门,20,133,26
石门,21,72,4
石门,22,55,8
石门,23,18,0
磁器口,0,0,0
磁器口,1,0,0
磁器口,2,0,0
磁器口,3,0,0
磁器口,4,0,0
磁器口,5,7,5
磁器口,6,31,51
磁器口,7,150,116
磁器口,8,320,85
磁器口,9,153,78
磁器口,10,64,48
磁器口,11,51,61
磁器口,12,56,57
磁器口,13,74,56
磁器口,14,44,55
磁器口,15,58,65
磁器口,16,73,86
磁器口,17,91,205
磁器口,18,119,182
磁器口,19,63,99
磁器口,20,26,79
磁器口,21,26,65
磁器口,22,19,17
磁器口,23,9,5
科怡路,0,0,0
科怡路,1,0,0
科怡路,2,0,0
科怡路,3,0,0
科怡路,4,0,0
科怡路,5,1,6
科怡路,6,18,42
科怡路,7,87,143
科怡路,8,200,133
科怡路,9,59,48
科怡路,10,29,29
科怡路,11,25,41
科怡路,12,29,21
科怡路,13,35,29
科怡路,14,32,28
科怡路,15,31,34
科怡路,16,39,35
科怡路,17,64,132
科怡路,18,103,147
科怡路,19,67,38
科怡路,20,49,27
科怡路,21,26,26
科怡路,22,24,6
科怡路,23,6,0
积水潭,0,0,0
积水潭,1,0,0
积水潭,2,0,0
积水潭,3,0,0
积水潭,4,0,0
积水潭,5,6,19
积水潭,6,111,172
积水潭,7,389,493
积水潭,8,486,542
积水潭,9,287,288
积水潭,10,164,164
积水潭,11,138,163
积水潭,12,117,144
积水潭,13,161,165
积水潭,14,135,156
积水潭,15,154,193
积水潭,16,173,232
积水潭,17,302,418
积水潭,18,397,353
积水潭,19,213,182
积水潭,20,140,128
积水潭,21,97,69
积水潭,22,54,26
积水潭,23,14,0
稻田,0,0,0
稻田,1,0,0
稻田,2,0,0
稻田,3,0,0
稻田,4,0,0
稻田,5,0,19
稻田,6,9,98
稻田,7,16,183
稻田,8,11,131
稻田,9,7,41
稻田,10,13,12
稻田,11,10,16
稻田,12,3,14
稻田,13,12,15
稻田,14,13,4
稻田,15,11,18
稻田,16,26,15
稻田,17,63,20
稻田,18,111,14
稻田,19,112,2
稻田,20,71,2
稻田,21,39,1
稻田,22,32,0
稻田,23,9,0
稻香湖路,0,0,0
稻香湖路,1,0,0
稻香湖路,2,0,0
稻香湖路,3,0,0
稻香湖路,4,0,0
稻香湖路,5,0,2
稻香湖路,6,3,24
稻香湖路,7,20,56
稻香湖路,8,113,53
稻香湖路,9,37,16
稻香湖路,10,9,8
稻香湖路,11,8,11
稻香湖路,12,9,14
稻香湖路,13,7,11
稻香湖路,14,20,6
稻香湖路,15,9,6
稻香湖路,16,14,12
稻香湖路,17,22,41
稻香湖路,18,25,46
稻香湖路,19,29,10
稻香湖路,20,17,15
稻香湖路,21,14,11
稻香湖路,22,13,1
稻香湖路,23,0,0
立水桥,0,0,0
立水桥,1,0,0
立水桥,2,0,0
立水桥,3,0,0
立水桥,4,0,1
立水桥,5,1,27
立水桥,6,27,169
立水桥,7,89,525
立水桥,8,101,756
立水桥,9,101,323
立水桥,10,58,79
立水桥,11,52,52
立水桥,12,62,69
立水桥,13,57,62
立水桥,14,62,50
立水桥,15,69,49
立水桥,16,83,60
立水桥,17,206,92
立水桥,18,462,104
立水桥,19,438,51
立水桥,20,282,53
立水桥,21,200,49
立水桥,22,147,22
立水桥,23,31,2
立水桥南,0,0,0
立水桥南,1,0,0
立水桥南,2,0,0
立水桥南,3,0,0
立水桥南,4,0,0
立水桥南,5,0,16
立水桥南,6,17,150
立水桥南,7,92,335
立水桥南,8,164,289
立水桥南,9,137,224
立水桥南,10,54,83
立水桥南,11,46,49
立水桥南,12,40,57
立水桥南,13,45,45
立水桥南,14,54,47
立水桥南,15,58,39
立水桥南,16,86,52
立水桥南,17,156,107
立水桥南,18,268,122
立水桥南,19,206,82
立水桥南,20,137,60
立水桥南,21,111,29
立水桥南,22,58,15
立水桥南,23,16,2
管庄,0,0,0
管庄,1,0,0
管庄,2,0,0
管庄,3,0,0
管庄,4,0,0
管庄,5,0,30
管庄,6,12,121
管庄,7,36,198
管庄,8,55,184
管庄,9,42,103
管庄,10,29,39
管庄,11,24,33
管庄,12,21,34
管庄,13,24,40
管庄,14,33,32
管庄,15,29,19
管庄,16,76,40
管庄,17,90,61
管庄,18,188,55
管庄,19,157,29
管庄,20,88,25
管庄,21,70,18
管庄,22,62,12
管庄,23,16,2
篱笆房,0,0,0
篱笆房,1,0,0
篱笆房,2,0,0
篱笆房,3,0,0
篱笆房,4,0,0
篱笆房,5,3,19
篱笆房,6,3,111
篱笆房,7,17,293
篱笆房,8,40,195
篱笆房,9,28,34
篱笆房,10,17,21
篱笆房,11,19,22
篱笆房,12,20,15
篱笆房,13,19,27
篱笆房,14,17,10
篱笆房,15,21,18
篱笆房,16,40,13
篱笆房,17,84,25
篱笆房,18,174,24
篱笆房,19,163,10
篱笆房,20,64,14
篱笆房,21,41,20
篱笆房,22,28,16
篱笆房,23,6,0
紫草坞,0,0,0
紫草坞,1,0,0
紫草坞,2,0,0
紫草坞,3,0,0
紫草坞,4,0,0
紫草坞,5,0,1
紫草坞,6,0,5
紫草坞,7,0,13
紫草坞,8,5,11
紫草坞,9,4,4
紫草坞,10,0,0
紫草坞,11,2,2
紫草坞,12,5,5
紫草坞,13,3,5
紫草坞,14,2,2
紫草坞,15,4,2
紫草坞,16,3,1
紫草坞,17,3,3
紫草坞,18,6,2
紫草坞,19,3,0
紫草坞,20,2,1
紫草坞,21,2,0
紫草坞,22,0,0
紫草坞,23,0,0
纪家庙,0,0,0
纪家庙,1,0,0
纪家庙,2,0,0
纪家庙,3,0,0
纪家庙,4,0,0
纪家庙,5,1,6
纪家庙,6,7,25
纪家庙,7,28,76
纪家庙,8,54,66
纪家庙,9,37,38
纪家庙,10,26,22
纪家庙,11,25,20
纪家庙,12,19,13
纪家庙,13,25,21
纪家庙,14,18,21
纪家庙,15,20,18
纪家庙,16,24,27
纪家庙,17,18,50
纪家庙,18,53,44
纪家庙,19,40,17
纪家庙,20,27,6
纪家庙,21,22,2
纪家庙,22,16,3
纪家庙,23,7,0
经海路,0,0,0
经海路,1,0,0
经海路,2,0,0
经海路,3,0,0
经海路,4,0,0
经海路,5,0,11
经海路,6,15,58
经海路,7,91,125
经海路,8,330,122
经海路,9,152,54
经海路,10,50,36
经海路,11,37,38
经海路,12,26,33
经海路,13,39,20
经海路,14,30,30
经海路,15,31,32
经海路,16,31,63
经海路,17,66,155
经海路,18,85,159
经海路,19,85,101
经海路,20,49,63
经海路,21,36,31
经海路,22,26,6
经海路,23,7,0
肖村,0,0,0
肖村,1,0,0
肖村,2,0,0
肖村,3,0,0
肖村,4,0,0
肖村,5,0,6
肖村,6,6,34
肖村,7,23,47
肖村,8,63,42
肖村,9,29,26
肖村,10,17,13
肖村,11,18,18
肖村,12,14,20
肖村,13,12,12
肖村,14,16,9
肖村,15,23,15
肖村,16,20,17
肖村,17,27,53
肖村,18,43,35
肖村,19,40,15
肖村,20,19,11
肖村,21,12,4
肖村,22,10,6
肖村,23,0,0
育新,0,0,0
育新,1,0,0
育新,2,0,0
育新,3,0,0
育新,4,1,4
育新,5,0,11
育新,6,16,124
育新,7,100,377
育新,8,203,278
育新,9,87,118
育新,10,41,47
育新,11,31,31
育新,12,44,37
育新,13,52,51
育新,14,58,41
育新,15,57,37
育新,16,67,44
育新,17,121,98
育新,18,229,101
育新,19,208,56
育新,20,127,42
育新,21,97,28
育新,22,53,22
育新,23,12,0
育知路,0,0,0
育知路,1,0,0
育知路,2,0,0
育知路,3,0,0
育知路,4,0,0
育知路,5,0,10
育知路,6,14,27
育知路,7,46,136
育知路,8,29,149
育知路,9,24,70
育知路,10,16,19
育知路,11,14,27
育知路,12,12,20
育知路,13,34,15
育知路,14,19,32
育知路,15,18,14
育知路,16,24,24
育知路,17,32,48
育知路,18,66,16
育知路,19,67,11
育知路,20,53,8
育知路,21,38,7
育知路,22,22,0
育知路,23,8,0
良乡南关,0,0,0
良乡南关,1,0,0
良乡南关,2,0,0
良乡南关,3,0,0
良乡南关,4,0,0
良乡南关,5,0,29
良乡南关,6,7,104
良乡南关,7,31,126
良乡南关,8,20,63
良乡南关,9,19,33
良乡南关,10,12,12
良乡南关,11,12,21
良乡南关,12,17,10
良乡南关,13,15,25
良乡南关,14,21,10
良乡南关,15,18,20
良乡南关,16,26,18
良乡南关,17,43,21
良乡南关,18,91,19
良乡南关,19,72,18
良乡南关,20,46,10
良乡南关,21,21,4
良乡南关,22,21,0
良乡南关,23,10,0
良乡大学城,0,0,0
良乡大学城,1,0,0
良乡大学城,2,0,0
良乡大学城,3,0,0
良乡大学城,4,0,1
良乡大学城,5,0,12
良乡大学城,6,5,83
良乡大学城,7,6,136
良乡大学城,8,16,94
良乡大学城,9,25,20
良乡大学城,10,15,19
良乡大学城,11,14,20
良乡大学城,12,14,21
良乡大学城,13,10,18
良乡大学城,14,13,10
良乡大学城,15,11,14
良乡大学城,16,18,35
良乡大学城,17,49,18
良乡大学城,18,92,17
良乡大学城,19,88,10
良乡大学城,20,55,7
良乡大学城,21,45,5
良乡大学城,22,21,1
良乡大学城,23,8,0
良乡大学城北,0,0,0
良乡大学城北,1,0,0
良乡大学城北,2,0,0
良乡大学城北,3,0,0
良乡大学城北,4,0,0
良乡大学城北,5,0,13
良乡大学城北,6,3,62
良乡大学城北,7,17,92
良乡大学城北,8,32,70
良乡大学城北,9,13,23
良乡大学城北,10,8,13
良乡大学城北,11,12,13
良乡大学城北,12,9,9
良乡大学城北,13,12,11
良乡大学城北,14,11,10
良乡大学城北,15,15,9
良乡大学城北,16,16,12
良乡大学城北,17,26,25
良乡大学城北,18,65,14
良乡大学城北,19,68,8
良乡大学城北,20,24,7
良乡大学城北,21,23,3
良乡大学城北,22,16,2
良乡大学城北,23,8,0
良乡大学城西,0,0,0
良乡大学城西,1,0,0
良乡大学城西,2,0,0
良乡大学城西,3,0,0
良乡大学城西,4,0,0
良乡大学城西,5,0,19
良乡大学城西,6,6,111
良乡大学城西,7,16,186
良乡大学城西,8,16,111
良乡大学城西,9,18,36
良乡大学城西,10,12,10
良乡大学城西,11,18,22
良乡大学城西,12,15,25
良乡大学城西,13,11,19
良乡大学城西,14,18,12
良乡大学城西,15,19,14
良乡大学城西,16,22,22
良乡大学城西,17,60,27
良乡大学城西,18,117,23
良乡大学城西,19,144,5
良乡大学城西,20,43,8
良乡大学城西,21,54,7
良乡大学城西,22,35,2
良乡大学城西,23,8,0
芍药居,0,0,0
芍药居,1,0,0
芍药居,2,0,0
芍药居,3,0,0
芍药居,4,0,1
芍药居,5,1,27
芍药居,6,61,134
芍药居,7,245,343
芍药居,8,302,381
芍药居,9,132,196
芍药居,10,53,84
芍药居,11,53,54
芍药居,12,61,67
芍药居,13,58,37
芍药居,14,53,50
芍药居,15,65,75
芍药居,16,79,111
芍药居,17,174,257
芍药居,18,303,332
芍药居,19,170,110
芍药居,20,121,60
芍药居,21,84,53
芍药居,22,62,20
芍药居,23,14,0
花园桥,0,0,0
花园桥,1,0,0
花园桥,2,0,0
花园桥,3,0,0
花园桥,4,0,0
花园桥,5,0,8
花园桥,6,28,44
花园桥,7,183,153
花园桥,8,348,142
花园桥,9,143,73
花园桥,10,61,41
花园桥,11,49,34
花园桥,12,53,59
花园桥,13,51,58
花园桥,14,41,52
花园桥,15,46,66
花园桥,16,68,100
花园桥,17,99,286
花园桥,18,140,198
花园桥,19,89,79
花园桥,20,54,67
花园桥,21,42,42
花园桥,22,44,17
花园桥,23,10,2
花梨坎,0,0,0
花梨坎,1,0,0
花梨坎,2,0,0
花梨坎,3,0,0
花梨坎,4,0,0
花梨坎,5,0,28
花梨坎,6,16,109
花梨坎,7,68,193
花梨坎,8,148,205
花梨坎,9,48,94
花梨坎,10,27,26
花梨坎,11,13,29
花梨坎,12,18,27
花梨坎,13,27,26
花梨坎,14,24,16
花梨坎,15,21,26
花梨坎,16,29,44
花梨坎,17,60,124
花梨坎,18,108,76
花梨坎,19,145,27
花梨坎,20,90,25
花梨坎,21,56,9
花梨坎,22,55,3
花梨坎,23,9,0
苏州街,0,0,0
苏州街,1,0,0
苏州街,2,0,0
苏州街,3,0,0
苏州街,4,1,2
苏州街,5,1,7
苏州街,6,58,37
苏州街,7,256,168
苏州街,8,755,154
苏州街,9,598,89
苏州街,10,189,54
苏州街,11,68,75
苏州街,12,78,65
苏州街,13,79,83
苏州街,14,82,72
苏州街,15,68,113
苏州街,16,64,140
苏州街,17,118,392
苏州街,18,161,511
苏州街,19,103,297
苏州街,20,48,219
苏州街,21,43,153
苏州街,22,39,52
苏州街,23,7,0
苏庄,0,0,0
苏庄,1,0,0
苏庄,2,0,0
苏庄,3,0,0
苏庄,4,0,2
苏庄,5,0,21
苏庄,6,3,94
苏庄,7,37,140
苏庄,8,33,64
苏庄,9,16,23
苏庄,10,16,19
苏庄,11,12,13
苏庄,12,23,12
苏庄,13,21,12
苏庄,14,13,15
苏庄,15,19,16
苏庄,16,26,16
苏庄,17,42,34
苏庄,18,83,19
苏庄,19,88,11
苏庄,20,37,4
苏庄,21,21,3
苏庄,22,18,1
苏庄,23,9,0
苹果园,0,1,0
苹果园,1,0,0
苹果园,2,0,0
苹果园,3,0,0
苹果园,4,0,1
苹果园,5,0,50
苹果园,6,32,213
苹果园,7,94,441
苹果园,8,129,296
苹果园,9,73,113
苹果园,10,62,52
苹果园,11,58,51
苹果园,12,59,63
苹果园,13,41,64
苹果园,14,59,80
苹果园,15,71,62
苹果园,16,105,64
苹果园,17,181,92
苹果园,18,267,78
苹果园,19,173,40
苹果园,20,94,21
苹果园,21,97,20
苹果园,22,75,7
苹果园,23,32,2
茶棚,0,0,0
茶棚,1,0,0
茶棚,2,0,0
茶棚,3,0,0
茶棚,4,0,0
茶棚,5,0,1
茶棚,6,1,12
茶棚,7,8,42
茶棚,8,11,38
茶棚,9,8,16
茶棚,10,2,5
茶棚,11,4,4
茶棚,12,1,5
茶棚,13,4,4
茶棚,14,6,5
茶棚,15,5,1
茶棚,16,11,1
茶棚,17,12,15
茶棚,18,23,13
茶棚,19,27,3
茶棚,20,16,2
茶棚,21,14,2
茶棚,22,9,1
茶棚,23,0,0
草房,0,0,0
草房,1,0,0
草房,2,0,0
草房,3,0,0
草房,4,0,1
草房,5,0,63
草房,6,28,339
草房,7,57,532
草房,8,83,490
草房,9,77,249
草房,10,43,99
草房,11,52,84
草房,12,46,89
草房,13,61,69
草房,14,67,42
草房,15,74,42
草房,16,137,63
草房,17,224,78
草房,18,413,75
草房,19,391,39
草房,20,207,30
草房,21,166,26
草房,22,114,11
草房,23,48,0
草桥,0,0,0
草桥,1,0,0
草桥,2,0,0
草桥,3,0,0
草桥,4,0,0
草桥,5,0,8
草桥,6,16,89
草桥,7,58,253
草桥,8,98,187
草桥,9,58,76
草桥,10,34,44
草桥,11,33,26
草桥,12,35,31
草桥,13,31,26
草桥,14,30,39
草桥,15,35,38
草桥,16,63,41
草桥,17,99,65
草桥,18,171,79
草桥,19,95,29
草桥,20,78,37
草桥,21,47,15
草桥,22,23,5
草桥,23,5,0
荣京东街,0,0,0
荣京东街,1,0,0
荣京东街,2,0,0
荣京东街,3,0,0
荣京东街,4,0,0
荣京东街,5,0,3
荣京东街,6,16,31
荣京东街,7,134,69
荣京东街,8,278,61
荣京东街,9,138,28
荣京东街,10,46,27
荣京东街,11,39,30
荣京东街,12,22,38
荣京东街,13,34,31
荣京东街,14,25,35
荣京东街,15,37,32
荣京东街,16,30,50
荣京东街,17,40,173
荣京东街,18,65,172
荣京东街,19,46,89
荣京东街,20,21,39
荣京东街,21,11,33
荣京东街,22,13,11
荣京东街,23,3,0
荣昌东街,0,0,0
荣昌东街,1,0,0
荣昌东街,2,0,0
荣昌东街,3,0,0
荣昌东街,4,0,0
荣昌东街,5,0,7
荣昌东街,6,27,39
荣昌东街,7,132,96
荣昌东街,8,265,85
荣昌东街,9,70,40
荣昌东街,10,37,26
荣昌东街,11,27,26
荣昌东街,12,27,22
荣昌东街,13,31,29
荣昌东街,14,31,34
荣昌东街,15,32,32
荣昌东街,16,52,56
荣昌东街,17,52,171
荣昌东街,18,92,124
荣昌东街,19,80,50
荣昌东街,20,33,33
荣昌东街,21,33,15
荣昌东街,22,32,4
荣昌东街,23,3,0
莲花桥,0,0,0
莲花桥,1,0,0
莲花桥,2,0,0
莲花桥,3,0,0
莲花桥,4,0,0
莲花桥,5,0,1
莲花桥,6,12,34
莲花桥,7,89,135
莲花桥,8,139,100
莲花桥,9,26,46
莲花桥,10,22,22
莲花桥,11,19,29
莲花桥,12,24,13
莲花桥,13,17,25
莲花桥,14,21,26
莲花桥,15,26,44
莲花桥,16,33,40
莲花桥,17,67,108
莲花桥,18,74,79
莲花桥,19,52,31
莲花桥,20,30,27
莲花桥,21,28,9
莲花桥,22,14,3
莲花桥,23,3,3
菜市口,0,0,0
菜市口,1,0,0
菜市口,2,0,0
菜市口,3,0,0
菜市口,4,0,0
菜市口,5,0,10
菜市口,6,42,43
菜市口,7,138,127
菜市口,8,232,133
菜市口,9,110,81
菜市口,10,59,44
菜市口,11,60,49
菜市口,12,38,49
菜市口,13,47,54
菜市口,14,42,51
菜市口,15,57,48
菜市口,16,54,93
菜市口,17,109,194
菜市口,18,105,126
菜市口,19,76,62
菜市口,20,44,47
菜市口,21,38,35
菜市口,22,34,22
菜市口,23,16,0
蒲黄榆,0,0,0
蒲黄榆,1,0,0
蒲黄榆,2,0,0
蒲黄榆,3,0,0
蒲黄榆,4,0,0
蒲黄榆,5,1,20
蒲黄榆,6,32,121
蒲黄榆,7,128,401
蒲黄榆,8,166,323
蒲黄榆,9,77,191
蒲黄榆,10,58,84
蒲黄榆,11,62,56
蒲黄榆,12,60,67
蒲黄榆,13,60,78
蒲黄榆,14,61,66
蒲黄榆,15,72,83
蒲黄榆,16,92,72
蒲黄榆,17,230,135
蒲黄榆,18,307,124
蒲黄榆,19,187,77
蒲黄榆,20,118,53
蒲黄榆,21,116,47
蒲黄榆,22,63,12
蒲黄榆,23,19,2
虎坊桥,0,0,0
虎坊桥,1,0,0
虎坊桥,2,0,0
虎坊桥,3,0,0
虎坊桥,4,0,0
虎坊桥,5,2,5
虎坊桥,6,26,19
虎坊桥,7,108,82
虎坊桥,8,144,61
虎坊桥,9,65,31
虎坊桥,10,43,25
虎坊桥,11,28,21
虎坊桥,12,24,26
虎坊桥,13,31,28
虎坊桥,14,32,32
虎坊桥,15,27,37
虎坊桥,16,28,57
虎坊桥,17,43,107
虎坊桥,18,49,86
虎坊桥,19,45,46
虎坊桥,20,25,27
虎坊桥,21,21,21
虎坊桥,22,6,11
虎坊桥,23,4,0
褡裢坡,0,0,0
褡裢坡,1,0,0
褡裢坡,2,0,0
褡裢坡,3,0,0
褡裢坡,4,0,0
褡裢坡,5,0,24
褡裢坡,6,13,163
褡裢坡,7,41,285
褡裢坡,8,98,213
褡裢坡,9,102,160
褡裢坡,10,68,65
褡裢坡,11,28,51
褡裢坡,12,31,42
褡裢坡,13,29,59
褡裢坡,14,41,27
褡裢坡,15,40,42
褡裢坡,16,60,47
褡裢坡,17,112,85
褡裢坡,18,211,78
褡裢坡,19,189,66
褡裢坡,20,152,43
褡裢坡,21,106,27
褡裢坡,22,80,11
褡裢坡,23,18,2
西二旗,0,0,1
西二旗,1,0,0
西二旗,2,0,0
西二旗,3,0,0
西二旗,4,2,3
西二旗,5,1,17
西二旗,6,90,145
西二旗,7,685,370
西二旗,8,1722,340
西二旗,9,1472,157
西二旗,10,366,79
西二旗,11,109,85
西二旗,12,123,89
西二旗,13,111,100
西二旗,14,100,80
西二旗,15,84,122
西二旗,16,110,183
西二旗,17,170,664
西二旗,18,249,1107
西二旗,19,197,866
西二旗,20,117,556
西二旗,21,98,364
西二旗,22,59,114
西二旗,23,17,15
西北旺,0,0,0
西北旺,1,0,0
西北旺,2,0,0
西北旺,3,0,0
西北旺,4,0,0
西北旺,5,0,7
西北旺,6,2,43
西北旺,7,36,100
西北旺,8,70,86
西北旺,9,62,24
西北旺,10,12,12
西北旺,11,12,9
西北旺,12,15,18
西北旺,13,8,11
西北旺,14,5,11
西北旺,15,17,13
西北旺,16,16,16
西北旺,17,40,42
西北旺,18,86,59
西北旺,19,48,38
西北旺,20,29,18
西北旺,21,28,7
西北旺,22,12,8
西北旺,23,1,0
西单,0,0,0
西单,1,0,0
西单,2,0,0
西单,3,0,0
西单,4,0,0
西单,5,5,8
西单,6,86,26
西单,7,491,95
西单,8,855,84
西单,9,341,54
西单,10,256,83
西单,11,235,110
西单,12,215,91
西单,13,228,170
西单,14,232,181
西单,15,168,258
西单,16,206,301
西单,17,232,653
西单,18,288,561
西单,19,150,336
西单,20,69,336
西单,21,26,279
西单,22,19,170
西单,23,6,6
西四,0,0,0
西四,1,0,0
西四,2,0,0
西四,3,0,0
西四,4,0,0
西四,5,2,2
西四,6,70,21
西四,7,220,62
西四,8,149,77
西四,9,99,53
西四,10,49,50
西四,11,40,44
西四,12,44,42
西四,13,38,50
西四,14,51,52
西四,15,57,69
西四,16,40,94
西四,17,59,164
西四,18,78,120
西四,19,46,68
西四,20,23,53
西四,21,29,48
西四,22,22,11
西四,23,1,2
西土城,0,0,0
西土城,1,0,0
西土城,2,0,0
西土城,3,0,0
西土城,4,0,0
西土城,5,1,4
西土城,6,50,34
西土城,7,380,165
西土城,8,587,179
西土城,9,460,116
西土城,10,156,98
西土城,11,67,111
西土城,12,76,93
西土城,13,83,88
西土城,14,83,93
西土城,15,67,100
西土城,16,75,150
西土城,17,132,408
西土城,18,156,359
西土城,19,87,214
西土城,20,52,122
西土城,21,54,86
西土城,22,36,30
西土城,23,8,3
西小口,0,0,0
西小口,1,0,0
西小口,2,0,0
西小口,3,0,0
西小口,4,0,1
西小口,5,0,7
西小口,6,9,41
西小口,7,62,122
西小口,8,227,103
西小口,9,186,57
西小口,10,42,20
西小口,11,13,18
西小口,12,19,19
西小口,13,24,24
西小口,14,20,25
西小口,15,18,28
西小口,16,23,28
西小口,17,48,90
西小口,18,77,149
西小口,19,69,109
西小口,20,44,55
西小口,21,39,52
西小口,22,17,6
西小口,23,4,0
西局,0,0,0
西局,1,0,0
西局,2,0,0
西局,3,0,0
西局,4,0,0
西局,5,1,9
西局,6,23,69
西局,7,104,205
西局,8,205,181
西局,9,91,88
西局,10,56,47
西局,11,42,42
西局,12,41,43
西局,13,53,34
西局,14,41,31
西局,15,49,50
西局,16,70,57
西局,17,105,136
西局,18,165,143
西局,19,81,68
西局,20,63,60
西局,21,51,42
西局,22,34,13
西局,23,8,0
西直门,0,0,0
西直门,1,0,0
西直门,2,0,0
西直门,3,0,0
西直门,4,0,1
西直门,5,10,17
西直门,6,95,100
西直门,7,663,319
西直门,8,1133,391
西直门,9,561,234
西直门,10,203,190
西直门,11,211,178
西直门,12,170,191
西直门,13,190,186
西直门,14,166,222
西直门,15,158,226
西直门,16,200,320
西直门,17,331,811
西直门,18,346,700
西直门,19,210,402
西直门,20,148,250
西直门,21,120,190
西直门,22,79,75
西直门,23,16,4
西红门,0,0,0
西红门,1,0,0
西红门,2,0,0
西红门,3,0,0
西红门,4,0,0
西红门,5,2,34
西红门,6,33,228
西红门,7,78,370
西红门,8,163,260
西红门,9,113,123
西红门,10,136,84
西红门,11,98,63
西红门,12,110,95
西红门,13,104,102
西红门,14,100,110
西红门,15,121,101
西红门,16,162,103
西红门,17,195,144
西红门,18,312,150
西红门,19,281,104
西红门,20,160,118
西红门,21,102,74
西红门,22,81,47
西红门,23,10,1
西苑,0,0,0
西苑,1,0,0
西苑,2,0,0
西苑,3,0,0
西苑,4,0,0
西苑,5,2,8
西苑,6,29,32
西苑,7,158,136
西苑,8,117,131
西苑,9,76,69
西苑,10,58,48
西苑,11,38,47
西苑,12,49,59
西苑,13,47,72
西苑,14,38,56
西苑,15,31,69
西苑,16,41,81
西苑,17,70,119
西苑,18,113,103
西苑,19,83,49
西苑,20,53,54
西苑,21,36,36
西苑,22,41,10
西苑,23,13,0
西钓鱼台,0,0,0
西钓鱼台,1,0,0
西钓鱼台,2,0,0
西钓鱼台,3,0,0
西钓鱼台,4,0,0
西钓鱼台,5,0,4
西钓鱼台,6,64,49
西钓鱼台,7,251,171
西钓鱼台,8,253,173
西钓鱼台,9,138,105
西钓鱼台,10,65,96
西钓鱼台,11,50,90
西钓鱼台,12,45,75
西钓鱼台,13,67,38
西钓鱼台,14,61,59
西钓鱼台,15,52,103
西钓鱼台,16,43,119
西钓鱼台,17,94,204
西钓鱼台,18,135,157
西钓鱼台,19,68,59
西钓鱼台,20,43,42
西钓鱼台,21,32,30
西钓鱼台,22,21,4
西钓鱼台,23,2,0
西黄村,0,0,0
西黄村,1,0,0
西黄村,2,0,0
西黄村,3,0,0
西黄村,4,0,0
西黄村,5,2,5
西黄村,6,13,43
西黄村,7,69,112
西黄村,8,70,97
西黄村,9,39,44
西黄村,10,33,36
西黄村,11,27,20
西黄村,12,16,25
西黄村,13,27,15
西黄村,14,27,30
西黄村,15,32,31
西黄村,16,37,40
西黄村,17,61,55
西黄村,18,96,74
西黄村,19,72,22
西黄村,20,38,21
西黄村,21,36,10
西黄村,22,19,4
西黄村,23,6,1
角门东,0,0,0
角门东,1,0,0
角门东,2,0,0
角门东,3,0,0
角门东,4,0,0
角门东,5,2,24
角门东,6,22,164
角门东,7,106,392
角门东,8,175,371
角门东,9,87,157
角门东,10,56,67
角门东,11,47,47
角门东,12,53,72
角门东,13,49,67
角门东,14,46,56
角门东,15,64,89
角门东,16,83,69
角门东,17,189,95
角门东,18,313,108
角门东,19,225,73
角门东,20,155,49
角门东,21,103,36
角门东,22,54,24
角门东,23,13,1
角门西,0,0,0
角门西,1,0,0
角门西,2,0,0
角门西,3,0,0
角门西,4,0,0
角门西,5,1,18
角门西,6,21,186
角门西,7,127,488
角门西,8,161,412
角门西,9,90,146
角门西,10,60,70
角门西,11,66,63
角门西,12,60,64
角门西,13,53,78
角门西,14,68,57
角门西,15,88,74
角门西,16,91,76
角门西,17,226,105
角门西,18,338,112
角门西,19,229,45
角门西,20,138,52
角门西,21,92,34
角门西,22,80,15
角门西,23,24,0
车公庄,0,0,0
车公庄,1,0,0
车公庄,2,0,0
车公庄,3,0,0
车公庄,4,0,0
车公庄,5,2,11
车公庄,6,48,39
车公庄,7,356,129
车公庄,8,546,145
车公庄,9,253,70
车公庄,10,84,50
车公庄,11,66,67
车公庄,12,63,54
车公庄,13,89,67
车公庄,14,64,64
车公庄,15,61,101
车公庄,16,64,123
车公庄,17,102,396
车公庄,18,113,311
车公庄,19,69,134
车公庄,20,48,72
车公庄,21,29,68
车公庄,22,18,19
车公庄,23,8,1
车公庄西,0,0,0
车公庄西,1,0,0
车公庄西,2,0,0
车公庄西,3,0,0
车公庄西,4,0,0
车公庄西,5,0,8
车公庄西,6,36,33
车公庄西,7,161,122
车公庄西,8,337,113
车公庄西,9,143,61
车公庄西,10,48,25
车公庄西,11,35,43
车公庄西,12,24,37
车公庄西,13,35,24
车公庄西,14,30,32
车公庄西,15,34,47
车公庄西,16,52,78
车公庄西,17,100,269
车公庄西,18,111,164
车公庄西,19,49,80
车公庄西,20,33,44
车公庄西,21,28,34
车公庄西,22,18,7
车公庄西,23,10,5
车道沟,0,0,0
车道沟,1,0,0
车道沟,2,0,0
车道沟,3,0,0
车道沟,4,0,0
车道沟,5,0,11
车道沟,6,26,56
车道沟,7,136,147
车道沟,8,345,134
车道沟,9,158,66
车道沟,10,44,40
车道沟,11,34,32
车道沟,12,31,36
车道沟,13,37,31
车道沟,14,37,30
车道沟,15,44,37
车道沟,16,44,65
车道沟,17,89,257
车道沟,18,115,214
车道沟,19,72,82
车道沟,20,48,54
车道沟,21,22,31
车道沟,22,32,8
车道沟,23,20,0
达官营,0,0,0
达官营,1,0,0
达官营,2,0,0
达官营,3,0,0
达官营,4,0,0
达官营,5,2,14
达官营,6,34,105
达官营,7,109,309
达官营,8,168,316
达官营,9,88,111
达官营,10,40,61
达官营,11,54,45
达官营,12,52,53
达官营,13,58,50
达官营,14,64,48
达官营,15,74,59
达官营,16,70,57
达官营,17,187,145
达官营,18,269,126
达官营,19,183,63
达官营,20,97,58
达官营,21,71,25
达官营,22,48,19
达官营,23,7,0
通州北关,0,0,0
通州北关,1,0,0
通州北关,2,0,0
通州北关,3,0,0
通州北关,4,0,0
通州北关,5,0,23
通州北关,6,18,217
通州北关,7,47,455
通州北关,8,57,459
通州北关,9,45,186
通州北关,10,25,84
通州北关,11,27,47
通州北关,12,24,45
通州北关,13,34,32
通州北关,14,53,34
通州北关,15,62,29
通州北关,16,79,37
通州北关,17,144,62
通州北关,18,345,51
通州北关,19,330,30
通州北关,20,217,23
通州北关,21,140,15
通州北关,22,112,3
通州北关,23,23,1
通州北苑,0,0,0
通州北苑,1,0,0
通州北苑,2,0,0
通州北苑,3,0,0
通州北苑,4,0,0
通州北苑,5,0,19
通州北苑,6,17,127
通州北苑,7,43,227
通州北苑,8,94,226
通州北苑,9,73,158
通州北苑,10,48,70
通州北苑,11,36,50
通州北苑,12,51,43
通州北苑,13,38,44
通州北苑,14,55,35
通州北苑,15,75,39
通州北苑,16,91,37
通州北苑,17,148,62
通州北苑,18,287,73
通州北苑,19,237,60
通州北苑,20,139,56
通州北苑,21,69,33
通州北苑,22,55,25
通州北苑,23,34,3
郝家府,0,0,0
郝家府,1,0,0
郝家府,2,0,0
郝家府,3,0,0
郝家府,4,1,1
郝家府,5,0,1
郝家府,6,5,12
郝家府,7,23,19
郝家府,8,111,30
郝家府,9,40,17
郝家府,10,12,9
郝家府,11,5,13
郝家府,12,3,12
郝家府,13,8,7
郝家府,14,10,7
郝家府,15,8,4
郝家府,16,9,20
郝家府,17,6,66
郝家府,18,15,57
郝家府,19,8,18
郝家府,20,8,11
郝家府,21,8,8
郝家府,22,5,3
郝家府,23,2,0
郭公庄,0,0,0
郭公庄,1,0,0
郭公庄,2,0,0
郭公庄,3,0,0
郭公庄,4,0,0
郭公庄,5,0,24
郭公庄,6,7,73
郭公庄,7,47,149
郭公庄,8,112,98
郭公庄,9,55,42
郭公庄,10,20,32
郭公庄,11,23,24
郭公庄,12,17,30
郭公庄,13,17,28
郭公庄,14,17,24
郭公庄,15,16,30
郭公庄,16,46,40
郭公庄,17,64,54
郭公庄,18,94,72
郭公庄,19,65,36
郭公庄,20,37,29
郭公庄,21,38,18
郭公庄,22,27,9
郭公庄,23,10,1
郭庄子,0,0,0
郭庄子,1,0,0
郭庄子,2,0,0
郭庄子,3,0,0
郭庄子,4,0,0
郭庄子,5,0,9
郭庄子,6,2,62
郭庄子,7,38,176
郭庄子,8,32,109
郭庄子,9,24,29
郭庄子,10,12,26
郭庄子,11,12,16
郭庄子,12,15,14
郭庄子,13,17,13
郭庄子,14,11,12
郭庄子,15,17,9
郭庄子,16,36,14
郭庄子,17,57,31
郭庄子,18,103,21
郭庄子,19,86,10
郭庄子,20,38,5
郭庄子,21,40,7
郭庄子,22,13,1
郭庄子,23,0,0
金台夕照,0,0,0
金台夕照,1,0,0
金台夕照,2,0,0
金台夕照,3,0,0
金台夕照,4,0,0
金台夕照,5,2,6
金台夕照,6,43,17
金台夕照,7,256,23
金台夕照,8,802,52
金台夕照,9,629,41
金台夕照,10,202,54
金台夕照,11,104,71
金台夕照,12,74,68
金台夕照,13,100,71
金台夕照,14,57,59
金台夕照,15,56,91
金台夕照,16,58,135
金台夕照,17,63,405
金台夕照,18,60,486
金台夕照,19,42,289
金台夕照,20,21,165
金台夕照,21,14,112
金台夕照,22,8,55
金台夕照,23,7,9
金台路,0,0,0
金台路,1,0,0
金台路,2,0,0
金台路,3,0,0
金台路,4,0,0
金台路,5,2,14
金台路,6,57,80
金台路,7,190,233
金台路,8,299,271
金台路,9,162,163
金台路,10,81,66
金台路,11,57,61
金台路,12,71,73
金台路,13,77,67
金台路,14,62,78
金台路,15,66,77
金台路,16,78,118
金台路,17,151,237
金台路,18,213,226
金台路,19,148,105
金台路,20,97,85
金台路,21,83,57
金台路,22,52,30
金台路,23,18,4
金安桥,0,0,0
金安桥,1,0,0
金安桥,2,0,0
金安桥,3,0,0
金安桥,4,0,1
金安桥,5,2,52
金安桥,6,25,191
金安桥,7,56,343
金安桥,8,83,268
金安桥,9,44,97
金安桥,10,31,37
金安桥,11,27,39
金安桥,12,26,47
金安桥,13,31,32
金安桥,14,31,35
金安桥,15,53,40
金安桥,16,54,41
金安桥,17,119,63
金安桥,18,227,75
金安桥,19,153,31
金安桥,20,90,20
金安桥,21,52,17
金安桥,22,39,9
金安桥,23,14,3
长春桥,0,0,0
长春桥,1,0,0
长春桥,2,0,0
长春桥,3,0,0
长春桥,4,0,0
长春桥,5,0,7
长春桥,6,13,20
长春桥,7,110,141
长春桥,8,352,113
长春桥,9,208,52
长春桥,10,80,32
长春桥,11,73,41
长春桥,12,58,54
长春桥,13,53,48
长春桥,14,52,48
长春桥,15,54,66
长春桥,16,66,63
长春桥,17,107,187
长春桥,18,146,222
长春桥,19,73,115
长春桥,20,57,98
长春桥,21,19,105
长春桥,22,20,20
长春桥,23,6,1
长椿街,0,0,0
长椿街,1,0,0
长椿街,2,0,0
长椿街,3,0,0
长椿街,4,0,0
长椿街,5,3,16
长椿街,6,43,114
长椿街,7,263,417
长椿街,8,428,424
长椿街,9,174,173
长椿街,10,84,94
长椿街,11,57,78
长椿街,12,59,80
长椿街,13,85,78
长椿街,14,77,75
长椿街,15,70,90
长椿街,16,98,145
长椿街,17,248,322
长椿街,18,303,268
长椿街,19,155,100
长椿街,20,94,55
长椿街,21,60,33
长椿街,22,36,16
长椿街,23,10,1
长阳,0,0,0
长阳,1,0,0
长阳,2,0,0
长阳,3,0,0
长阳,4,0,0
长阳,5,1,38
长阳,6,21,206
长阳,7,26,431
长阳,8,41,308
长阳,9,42,88
长阳,10,22,38
长阳,11,38,33
长阳,12,42,45
长阳,13,43,34
长阳,14,37,35
长阳,15,48,28
长阳,16,90,33
长阳,17,164,56
长阳,18,306,34
长阳,19,269,43
长阳,20,120,27
长阳,21,84,8
长阳,22,62,10
长阳,23,17,0
阎村,0,0,0
阎村,1,0,0
阎村,2,0,0
阎村,3,0,0
阎村,4,0,0
阎村,5,0,10
阎村,6,1,26
阎村,7,8,43
阎村,8,3,14
阎村,9,5,10
阎村,10,3,5
阎村,11,2,4
阎村,12,2,2
阎村,13,10,6
阎村,14,3,5
阎村,15,4,1
阎村,16,5,2
阎村,17,17,7
阎村,18,23,6
阎村,19,11,4
阎村,20,9,2
阎村,21,2,2
阎村,22,3,2
阎村,23,1,0
阎村东,0,0,0
阎村东,1,0,0
阎村东,2,0,0
阎村东,3,0,0
阎村东,4,0,0
阎村东,5,0,6
阎村东,6,1,32
阎村东,7,11,41
阎村东,8,25,27
阎村东,9,11,10
阎村东,10,3,12
阎村东,11,5,2
阎村东,12,9,9
阎村东,13,4,9
阎村东,14,7,4
阎村东,15,7,6
阎村东,16,14,12
阎村东,17,15,16
阎村东,18,27,7
阎村东,19,20,1
阎村东,20,5,2
阎村东,21,10,0
阎村东,22,15,1
阎村东,23,6,0
阜成门,0,0,0
阜成门,1,0,0
阜成门,2,0,0
阜成门,3,0,0
阜成门,4,0,1
阜成门,5,4,15
阜成门,6,96,61
阜成门,7,618,180
阜成门,8,983,184
阜成门,9,331,103
阜成门,10,108,88
阜成门,11,90,112
阜成门,12,89,106
阜成门,13,99,94
阜成门,14,100,105
阜成门,15,92,137
阜成门,16,88,215
阜成门,17,126,704
阜成门,18,177,546
阜成门,19,77,233
阜成门,20,57,116
阜成门,21,32,76
阜成门,22,22,23
阜成门,23,4,1
阜通,0,0,0
阜通,1,0,0
阜通,2,0,0
阜通,3,0,0
阜通,4,0,0
阜通,5,0,4
阜通,6,19,26
阜通,7,88,80
阜通,8,212,84
阜通,9,337,53
阜通,10,123,27
阜通,11,55,46
阜通,12,36,41
阜通,13,54,35
阜通,14,50,35
阜通,15,27,43
阜通,16,44,62
阜通,17,66,160
阜通,18,104,206
阜通,19,80,197
阜通,20,35,96
阜通,21,28,78
阜通,22,30,27
阜通,23,5,0
陶然亭,0,0,0
陶然亭,1,0,0
陶然亭,2,0,0
陶然亭,3,0,0
陶然亭,4,0,0
陶然亭,5,4,12
陶然亭,6,46,96
陶然亭,7,228,274
陶然亭,8,307,208
陶然亭,9,156,100
陶然亭,10,71,80
陶然亭,11,73,66
陶然亭,12,56,68
陶然亭,13,71,83
陶然亭,14,66,84
陶然亭,15,74,96
陶然亭,16,90,141
陶然亭,17,146,244
陶然亭,18,200,175
陶然亭,19,124,80
陶然亭,20,96,56
陶然亭,21,64,30
陶然亭,22,42,20
陶然亭,23,9,1
雍和宫,0,0,0
雍和宫,1,0,0
雍和宫,2,0,0
雍和宫,3,0,0
雍和宫,4,0,0
雍和宫,5,1,10
雍和宫,6,29,34
雍和宫,7,220,119
雍和宫,8,463,146
雍和宫,9,460,86
雍和宫,10,190,112
雍和宫,11,77,86
雍和宫,12,72,107
雍和宫,13,77,105
雍和宫,14,81,84
雍和宫,15,66,110
雍和宫,16,61,139
雍和宫,17,91,314
雍和宫,18,118,298
雍和宫,19,50,184
雍和宫,20,33,104
雍和宫,21,35,95
雍和宫,22,18,43
雍和宫,23,6,4
霍营,0,0,1
霍营,1,0,0
霍营,2,0,0
霍营,3,0,0
霍营,4,0,3
霍营,5,0,32
霍营,6,28,224
霍营,7,80,769
霍营,8,103,1004
霍营,9,86,475
霍营,10,46,92
霍营,11,65,56
霍营,12,72,79
霍营,13,61,45
霍营,14,66,42
霍营,15,73,52
霍营,16,106,68
霍营,17,231,76
霍营,18,536,91
霍营,19,552,62
霍营,20,374,39
霍营,21,310,23
霍营,22,163,12
霍营,23,59,3
青年路,0,0,2
青年路,1,0,0
青年路,2,0,0
青年路,3,0,0
青年路,4,0,0
青年路,5,1,50
青年路,6,37,223
青年路,7,204,383
青年路,8,397,298
青年路,9,407,245
青年路,10,200,120
青年路,11,150,102
青年路,12,152,110
青年路,13,144,126
青年路,14,123,123
青年路,15,142,115
青年路,16,183,162
青年路,17,351,249
青年路,18,468,406
青年路,19,355,283
青年路,20,211,210
青年路,21,141,193
青年路,22,97,99
青年路,23,19,7
顺义,0,0,0
顺义,1,0,0
顺义,2,0,0
顺义,3,0,0
顺义,4,0,0
顺义,5,1,42
顺义,6,14,255
顺义,7,48,476
顺义,8,69,337
顺义,9,43,126
顺义,10,47,74
顺义,11,33,62
顺义,12,41,54
顺义,13,55,46
顺义,14,46,48
顺义,15,67,48
顺义,16,95,36
顺义,17,168,37
顺义,18,325,60
顺义,19,310,28
顺义,20,154,18
顺义,21,121,16
顺义,22,83,7
顺义,23,27,1
颐和园西门,0,0,0
颐和园西门,1,0,0
颐和园西门,2,0,0
颐和园西门,3,0,0
颐和园西门,4,0,0
颐和园西门,5,0,0
颐和园西门,6,1,0
颐和园西门,7,7,2
颐和园西门,8,12,1
颐和园西门,9,14,1
颐和园西门,10,9,0
颐和园西门,11,6,8
颐和园西门,12,4,4
颐和园西门,13,4,5
颐和园西门,14,3,6
颐和园西门,15,2,4
颐和园西门,16,3,2
颐和园西门,17,1,5
颐和园西门,18,1,6
颐和园西门,19,2,0
颐和园西门,20,0,0
颐和园西门,21,0,0
颐和园西门,22,0,0
颐和园西门,23,0,0
饶乐府,0,0,0
饶乐府,1,0,0
饶乐府,2,0,0
饶乐府,3,0,0
饶乐府,4,0,0
饶乐府,5,0,4
饶乐府,6,1,19
饶乐府,7,1,31
饶乐府,8,6,11
饶乐府,9,9,5
饶乐府,10,1,6
饶乐府,11,5,1
饶乐府,12,0,4
饶乐府,13,3,2
饶乐府,14,4,0
饶乐府,15,5,3
饶乐府,16,4,1
饶乐府,17,4,6
饶乐府,18,22,5
饶乐府,19,8,4
饶乐府,20,12,1
饶乐府,21,4,0
饶乐府,22,4,0
饶乐府,23,0,0
首经贸,0,0,0
首经贸,1,0,0
首经贸,2,0,0
首经贸,3,0,0
首经贸,4,0,0
首经贸,5,1,16
首经贸,6,23,89
首经贸,7,79,328
首经贸,8,72,268
首经贸,9,51,103
首经贸,10,43,38
首经贸,11,35,33
首经贸,12,44,64
首经贸,13,39,61
首经贸,14,41,47
首经贸,15,42,63
首经贸,16,63,80
首经贸,17,109,101
首经贸,18,210,61
首经贸,19,179,45
首经贸,20,80,38
首经贸,21,71,27
首经贸,22,52,8
首经贸,23,12,1
香山,0,0,0
香山,1,0,0
香山,2,0,0
香山,3,0,0
香山,4,0,0
香山,5,0,1
香山,6,0,15
香山,7,23,60
香山,8,12,34
香山,9,9,13
香山,10,17,5
香山,11,11,10
香山,12,10,12
香山,13,6,10
香山,14,4,13
香山,15,6,8
香山,16,7,9
香山,17,10,11
香山,18,24,5
香山,19,27,8
香山,20,25,6
香山,21,17,2
香山,22,8,0
香山,23,0,0
马各庄,0,0,0
马各庄,1,0,0
马各庄,2,0,0
马各庄,3,0,0
马各庄,4,0,0
马各庄,5,0,0
马各庄,6,1,16
马各庄,7,2,26
马各庄,8,7,15
马各庄,9,1,7
马各庄,10,1,5
马各庄,11,2,4
马各庄,12,1,5
马各庄,13,3,4
马各庄,14,5,1
马各庄,15,5,2
马各庄,16,4,4
马各庄,17,10,4
马各庄,18,19,1
马各庄,19,13,0
马各庄,20,4,1
马各庄,21,7,1
马各庄,22,4,0
马各庄,23,0,0
马家堡,0,0,0
马家堡,1,0,0
马家堡,2,0,0
马家堡,3,0,0
马家堡,4,0,0
马家堡,5,0,11
马家堡,6,6,100
马家堡,7,56,215
马家堡,8,123,155
马家堡,9,56,82
马家堡,10,37,49
马家堡,11,32,42
马家堡,12,36,46
马家堡,13,30,34
马家堡,14,26,47
马家堡,15,43,42
马家堡,16,70,39
马家堡,17,107,77
马家堡,18,151,94
马家堡,19,104,29
马家堡,20,61,35
马家堡,21,55,27
马家堡,22,47,11
马家堡,23,6,0
马泉营,0,0,0
马泉营,1,0,0
马泉营,2,0,0
马泉营,3,0,0
马泉营,4,0,2
马泉营,5,0,15
马泉营,6,8,66
马泉营,7,43,178
马泉营,8,94,182
马泉营,9,56,109
马泉营,10,36,47
马泉营,11,33,28
马泉营,12,26,28
马泉营,13,28,28
马泉营,14,24,28
马泉营,15,40,25
马泉营,16,55,48
马泉营,17,72,84
马泉营,18,107,65
马泉营,19,159,25
马泉营,20,80,22
马泉营,21,65,26
马泉营,22,66,4
马泉营,23,19,2
马连洼,0,0,0
马连洼,1,0,0
马连洼,2,0,0
马连洼,3,0,0
马连洼,4,0,0
马连洼,5,1,10
马连洼,6,12,31
马连洼,7,53,72
马连洼,8,93,74
马连洼,9,62,26
马连洼,10,33,19
马连洼,11,23,17
马连洼,12,15,25
马连洼,13,19,29
马连洼,14,14,14
马连洼,15,18,19
马连洼,16,23,29
马连洼,17,43,47
马连洼,18,58,52
马连洼,19,59,46
马连洼,20,25,28
马连洼,21,25,20
马连洼,22,17,6
马连洼,23,2,0
高碑店,0,0,0
高碑店,1,0,0
高碑店,2,0,0
高碑店,3,0,0
高碑店,4,0,0
高碑店,5,1,1
高碑店,6,14,26
高碑店,7,82,38
高碑店,8,239,41
高碑店,9,192,31
高碑店,10,69,22
高碑店,11,42,26
高碑店,12,30,28
高碑店,13,40,24
高碑店,14,36,26
高碑店,15,19,36
高碑店,16,25,38
高碑店,17,25,104
高碑店,18,45,193
高碑店,19,42,110
高碑店,20,17,48
高碑店,21,20,40
高碑店,22,17,14
高碑店,23,6,3
高米店北,0,0,0
高米店北,1,0,0
高米店北,2,0,0
高米店北,3,0,0
高米店北,4,0,0
高米店北,5,2,14
高米店北,6,18,97
高米店北,7,25,166
高米店北,8,45,118
高米店北,9,26,67
高米店北,10,17,41
高米店北,11,20,37
高米店北,12,29,25
高米店北,13,33,36
高米店北,14,30,38
高米店北,15,37,40
高米店北,16,46,34
高米店北,17,66,51
高米店北,18,110,32
高米店北,19,107,29
高米店北,20,67,15
高米店北,21,47,17
高米店北,22,37,3
高米店北,23,15,0
高米店南,0,0,0
高米店南,1,0,0
高米店南,2,0,0
高米店南,3,0,0
高米店南,4,0,0
高米店南,5,0,9
高米店南,6,10,74
高米店南,7,50,153
高米店南,8,123,106
高米店南,9,50,53
高米店南,10,33,40
高米店南,11,40,30
高米店南,12,29,42
高米店南,13,41,39
高米店南,14,41,38
高米店南,15,35,30
高米店南,16,52,37
高米店南,17,65,78
高米店南,18,103,81
高米店南,19,110,48
高米店南,20,45,20
高米店南,21,49,18
高米店南,22,35,6
高米店南,23,7,0
魏公村,0,0,0
魏公村,1,0,0
魏公村,2,0,0
魏公村,3,0,0
魏公村,4,0,1
魏公村,5,1,5
魏公村,6,29,32
魏公村,7,245,119
魏公村,8,561,129
魏公村,9,212,73
魏公村,10,70,52
魏公村,11,58,65
魏公村,12,65,58
魏公村,13,80,53
魏公村,14,57,77
魏公村,15,51,70
魏公村,16,44,111
魏公村,17,110,280
魏公村,18,128,354
魏公村,19,85,136
魏公村,20,45,115
魏公村,21,51,64
魏公村,22,37,23
魏公村,23,8,2
黄村火车站,0,0,0
黄村火车站,1,0,0
黄村火车站,2,0,0
黄村火车站,3,0,0
黄村火车站,4,0,0
黄村火车站,5,0,32
黄村火车站,6,11,158
黄村火车站,7,27,187
黄村火车站,8,47,126
黄村火车站,9,30,52
黄村火车站,10,24,37
黄村火车站,11,11,30
黄村火车站,12,29,33
黄村火车站,13,35,35
黄村火车站,14,14,21
黄村火车站,15,37,32
黄村火车站,16,39,32
黄村火车站,17,66,60
黄村火车站,18,112,42
黄村火车站,19,99,20
黄村火车站,20,58,14
黄村火车站,21,47,8
黄村火车站,22,47,5
黄村火车站,23,9,1
黄村西大街,0,0,0
黄村西大街,1,0,0
黄村西大街,2,0,0
黄村西大街,3,0,0
黄村西大街,4,0,0
黄村西大街,5,0,27
黄村西大街,6,37,160
黄村西大街,7,95,251
黄村西大街,8,86,188
黄村西大街,9,41,98
黄村西大街,10,48,75
黄村西大街,11,42,49
黄村西大街,12,56,59
黄村西大街,13,57,52
黄村西大街,14,51,43
黄村西大街,15,84,65
黄村西大街,16,91,62
黄村西大街,17,133,78
黄村西大街,18,199,60
黄村西大街,19,189,31
黄村西大街,20,115,33
黄村西大街,21,72,19
黄村西大街,22,41,3
黄村西大街,23,13,1
黄渠,0,0,0
黄渠,1,0,0
黄渠,2,0,0
黄渠,3,0,0
黄渠,4,0,1
黄渠,5,0,33
黄渠,6,13,181
黄渠,7,57,350
黄渠,8,78,324
黄渠,9,79,206
黄渠,10,41,72
黄渠,11,22,50
黄渠,12,33,46
黄渠,13,46,35
黄渠,14,45,28
黄渠,15,39,30
黄渠,16,75,54
黄渠,17,147,68
黄渠,18,270,66
黄渠,19,213,37
黄渠,20,150,33
黄渠,21,116,25
黄渠,22,71,6
黄渠,23,24,0
鼓楼大街,0,0,0
鼓楼大街,1,0,0
鼓楼大街,2,0,0
鼓楼大街,3,0,0
鼓楼大街,4,0,0
鼓楼大街,5,0,10
鼓楼大街,6,39,62
鼓楼大街,7,181,217
鼓楼大街,8,211,195
鼓楼大街,9,84,78
鼓楼大街,10,54,49
鼓楼大街,11,56,32
鼓楼大街,12,52,40
鼓楼大街,13,41,48
鼓楼大街,14,45,43
鼓楼大街,15,45,58
鼓楼大街,16,63,92
鼓楼大街,17,149,224
鼓楼大街,18,170,118
鼓楼大街,19,81,82
鼓楼大街,20,47,53
鼓楼大街,21,46,25
鼓楼大街,22,37,16
鼓楼大街,23,3,3
龙泽,0,0,0
龙泽,1,0,0
龙泽,2,0,0
龙泽,3,0,0
龙泽,4,0,0
龙泽,5,2,18
龙泽,6,20,154
龙泽,7,47,545
龙泽,8,110,604
龙泽,9,73,342
龙泽,10,48,101
龙泽,11,34,43
龙泽,12,40,72
龙泽,13,52,37
龙泽,14,74,33
龙泽,15,59,42
龙泽,16,114,39
龙泽,17,168,61
龙泽,18,416,64
龙泽,19,389,44
龙泽,20,224,27
龙泽,21,207,27
龙泽,22,123,18
龙泽,23,30,0
